00fdffff
0400fd02
0304fe02
fcff00ff
fefc0302
fd01fefe
0100fffe
01fcfd03
fdff0003
fd0304fe
fdff0202
00040301
fe04fffd
030402fc
fe020103
fe0001fc
fffffdfd
fffd0402
04010303
02fe02fc
02fefcfd
ff020403
020302fc
fefc0302
fe01feff
fffe0103
0000fe04
fffe00fd
feffff04
fefefefe
04fc0402
020300fc
04030303
fffffd02
fdfd04fe
fe02fdfe
fcfd04ff
0004fc02
02fd0304
0002ff00
00fd0201
040004ff
fc01fd01
0000fe02
fcfe0300
fefdfdfe
fd020001
0302fd02
fdfcfdfc
fd00fcff
ff01fd01
fd010103
04fe02fd
fd04ff00
fefe00fe
00fe04ff
fdfe03fc
0302fefe
fe030203
fe02fd00
0403fefc
0402fd04
fe02fe04
ff040304
04fe0400
01fdfdfd
feff0201
04fc0102
fdfffefe
02fefdfd
fe01ff04
00fc0400
fe020402
fcfe0202
00030202
0200fe01
000000ff
0103fcfd
01fdfcfe
fdfc03fc
fd0303fe
fdff01ff
fcff0000
04fdfefd
fffcfd03
fffffdfd
ff04fffd
0100ff04
00fe0304
03fe0001
01ff02fc
01fefc03
fcfcfffe
ff00fc01
01020302
02fd0000
fdff04fd
03fffc01
fcfc02fd
0401feff
fc00fffc
fc04fefc
010202fc
01000204
fdfdfd01
01fdfdfc
02030301
03020104
0404ff03
fd02fe01
03010400
0304fffc
04feff01
04fcff00
0204fe01
fdfcfd01
fe04fe03
fe020404
fefd0003
ff03ff00
fd000302
fefd0204
fcfffe01
03fe00fe
fdfe0104
04fd0103
ff030300
fd020304
04fc04ff
03fefd01
01fdff00
fd01ff02
fefefffc
fc000000
04fe0202
0000fd00
02fdfd01
fdfe0101
02010100
010301ff
fd02fdfc
fcfffcfe
04fdfcfd
feff0202
0003ff04
0104ff00
02020200
0001fdfe
fdff02fe
fcfdfd02
00fe0000
04fdffff
00fcfffe
02fe0301
0003fefd
ff0001fe
0404fcff
020301ff
04fcfcff
00fdfd03
0404fd03
03020203
fc040004
04ff0001
ff020003
fc0001fd
ff040003
00fdfffe
fcfffe04
03fefffd
02010303
02fefefe
fffefe00
00fc03fd
0401fe00
04fefc00
030000fc
fe03fc01
fdfefe04
040401ff
020400fe
02ff0400
fcfcfc01
0003fffe
030200fe
fe000402
fefefd00
04feff04
fc0402ff
fefefe03
04fdfd01
02000001
04fe0300
000403fd
02030103
0103fd04
fc030102
040103fd
03fffcfc
030000fc
03fc0102
fc020104
03fe03ff
030100ff
fd010403
02000300
02fcfc02
fcfd04fd
0002ff03
01ff0301
fffdffff
fe02fc04
fdfd0400
fffefd03
04fdfd04
0304fcff
0201fc04
0204fd01
04020100
fefeff03
04040401
03ff01fe
fffffd04
fd00ff03
ff03feff
04fc00fd
ff0302fd
0003ff01
0304ff04
fffeff03
03fcfffe
0300fe00
fe020101
fd01fd00
feffff03
02ff03fd
fc000102
02ff0004
01fffd02
00fdfd02
ffff0201
fd04fcfc
fe03ff00
fdff0104
fffffdff
04fc0201
020104fe
04fc02ff
02fe0304
fc0100fc
01030203
fd0400fc
fd000302
fdfc00fd
ff010104
fd01fdfc
04fc01fc
0103fefd
03fdfffd
0302fefe
feff04fd
00fe0102
fcfc0000
fdff0000
fe04fd03
0004fcfc
0401ff04
ff01fcff
fc01fefd
02fd0303
03fdfc01
010104fe
0000fcfe
fcfc00ff
fefe0103
fdfc04fd
fd00fc03
02fdfd01
fcfe00fc
fc04fcff
04fffe01
010204fe
04fffdfd
fd030003
fefc0402
01030404
0302fc02
ff0004fd
01010401
ff000402
03fdff04
fe04fefe
ff030202
fefefcfe
020401fd
fd020300
ff03fdfe
040004fe
03010000
00fcfffe
0003fc01
01fe04fe
fd03fc01
feff01fd
0000fe01
fe040302
020404fc
03040300
fcfdfefe
0403fe04
01fc0301
fffe03ff
fe0402fe
fefe0103
0200ff04
ffff00fe
fd020103
04000301
fdfe0302
0401ff04
02fffe02
fc02fefe
fefc02ff
040202ff
02fffd00
0104fdff
fffd0200
fffcfffc
fe02ff01
04ff0100
ff010201
03fffc01
03fffdfe
04fd0001
01000303
0201fe00
00fefefc
040003ff
fcfe0204
04fcff04
03fcfffe
ff03fcff
030404fd
020402fe
02040203
fffffd03
fcfcff04
01ff01fe
0401fe00
03fcfdfe
030402fd
00fffefd
fefeff00
03020203
02fffe03
02fc0101
03fc0403
0102fefd
0001fe02
fefdfd01
fc01fffe
02fdfd04
0002fefe
fffdfe01
02020304
0104fdfe
fe00ffff
fd0203ff
01fd01ff
fefffcfc
02020302
03010201
fcfefdfd
02fffe03
fcfc0302
0203fffe
fffffc03
01fd0204
04fffdff
0200fdfc
0003ff02
fefd01fe
fc020303
00fcff04
0200fe00
fd040101
fffdff04
fffd0201
ff0401fe
fe04fe01
04040200
03fe0303
0402fe00
04fefe00
00fefc02
000203ff
03fffeff
0304fe01
04ff0402
fe0400fc
fc01fdfd
03fe0004
fefffd01
fcfefe04
fcffffff
fcfe0200
00fdfc00
00fe0300
04fc0200
fffcff00
fcff0303
01040001
fe02ffff
0200feff
0303fc00
04040203
fe04fd01
000000ff
04010103
fffc0104
fc01fd02
0301fd02
00fcff04
04fd00fd
01020402
01fffcfd
02ff0301
04fd0102
04030302
0001fe03
01fc0101
02ff0101
00fc0404
0002feff
fefe03ff
0400fe02
0003feff
ffff01fe
fd0003fe
00030302
02fe0400
fd040401
fe0204fe
04030401
0202fd02
fdff01fc
fd01fffc
ff0104fd
fd01ff01
fe04fefc
0401fffd
fc00fdfc
0401fffc
02010103
fdfcfcfe
fffffcfd
fc00fcfe
fe010100
0204fc01
030302fc
fc02fffe
03fc0400
04fe02fc
01fc0002
fdfffd01
04010103
00fc0103
04fffc01
fcfdfdfc
04020400
fc010001
ffff03ff
01fe0103
00fe0302
ff010403
01fefffd
01fe0203
04040402
03000102
fefdfefd
0301fe00
04040203
ff030403
04ff01fe
fefdfe02
0301ff04
0401fefd
03fcfffe
fdfc03ff
fd0303fd
fd0001fd
fcfc0103
fcfdfc03
0301ffff
fc000100
04ff04ff
00010101
fefdfdfc
ff0000fc
020102fe
fd04fc02
0302feff
02fefdff
0303fc01
01feff02
fcff03fc
fe020301
0202ffff
fe04fdff
04fe0102
040001fd
ff020304
03fe01fc
00fe00fc
0101fffc
fcff0403
0200feff
fe030101
01020003
02040101
00030001
fcfffefe
00fcfe04
fd01ff03
ff02fd01
fefe0401
03030303
0401fd00
fdfc02fd
02fcfdff
00fcfefe
00fe0301
fc04ff01
fffe01fe
fd04fc00
fefefe01
fe00fd01
fcfc0103
fcfdfc01
03040402
02fe0100
fd02fd01
00020301
fcfffffc
01fc0404
010300fc
fffc02fc
ff030200
fc01fcff
02fd01fc
0401fe04
04010102
fd00fc02
04020201
fd000002
020102ff
0104fcfc
03040201
fdfd0400
fd000200
fdfefd02
fc00fefd
ff02fd03
feff0401
fefc0200
01000304
fdff01fe
fc00fffd
00ff0402
01fc0402
fefe03fd
fe030202
04fdfcfd
0002fdfe
fe0101fc
03020201
ff030000
04ffffff
fffefefc
0103fcfd
fdfffdff
fd0302fe
fc04fc02
fe030104
fdfe0201
01fcfc00
fe01ff01
04fdfc04
0102fc04
fefd0402
02040202
0400ff02
00040204
04ff04fd
fcfcfdfe
fefcfe04
fd03fefc
01fcfeff
fd01fcfd
01fffc02
0004fcfd
01ff0303
02030103
00fe01fe
04fe04ff
fc0104ff
fdfffe00
fd01fc02
fd04fd03
000004ff
02ffff01
0003fc02
01fefeff
fc030200
00030303
fd000403
04fc02fd
fd0303fd
02fc0101
010304fc
03ff0103
fdfcfffc
04fdfc00
010400ff
ff020300
00fe03fd
03fefcff
0301fe03
0404ffff
fefffd01
fe030301
fdfe03fe
fffffd02
010402ff
fd000103
ff03fffe
0103fcfc
01fe03fd
040004fc
ff040301
030402fc
02fd00ff
010104ff
ff01fefc
000004ff
fd0203ff
fffefdfd
fc0003ff
03fdfc00
ff02fefc
01fcfffc
04fd0000
fc0201fc
00fd04fe
04fefcfd
fe020002
01000002
01ff0103
fdfd04fe
fefcfd03
fefffc04
0103fd02
fe04fffd
ff020400
01fffc02
fe02fcff
fcfcfefc
fd030001
04fefc01
02fd0200
0303fcfe
fffdfe00
0404fe00
0300fcfd
fd0200fc
ff03fe01
fc0400fc
0001fc01
01fefffe
0401fd02
04030002
00030204
030004fc
fdfd0203
fe000001
fc0101ff
ff010401
fc02feff
fe010103
04ff0403
030101fe
fefefdfc
fffe04fe
0003fc02
04fdfdfc
fe02fe04
020400fc
fdfe0102
03fdfe04
ff0404fd
02fc0004
01fe0200
0404fffc
0104fc00
02fc0000
fcfe0300
fcfd02ff
fdff0001
fd010201
0402fd04
fd0302fe
0101fe03
fc000301
fe0102fe
fd02fc04
00fefd04
fcfdff02
fcfd02fe
fd040203
fcfffcfc
04ff0000
ff01fd04
fd04ff03
00fcfffc
030401fd
04ff0001
fc00fd02
fefefdff
010204fc
03030203
00fc0403
020202fc
02fe0202
0104fdfe
01fe0000
00fffffd
000304fd
00000204
fd01fefc
03020203
fffe01fd
fdfefe02
fe020101
fe04fffe
0001ff03
0001fc04
0303fffe
fd01fdff
01fffeff
fc0402fe
ff0404fe
020402ff
02fd0104
fcff03fd
0001fdff
00feffff
03fffcfc
03ff0404
01fcfcfc
fffe0100
fdfd0302
02fd04fe
ff04fdff
fffe04fc
fcfd0103
00fd0004
fc000400
0402fe03
00fe0003
fcfffd03
04040300
fd040002
fcfcfdff
fffffffd
00fdfe01
010102ff
00fe04fd
fd030000
030304ff
ff020002
0001fc04
fcfeff02
fd02ff01
04fdfcfd
ff0200fe
0201fefc
01fffc03
fcfcfc00
00fd03fc
fe0300ff
00fdfc01
fffe0103
ff03fefe
fdfc0400
ff02fcfd
fdfd0200
fc030303
fd020101
03010101
0202fefd
000000ff
fffc0400
fefc03fd
fcfd00ff
030200fd
fcff0201
0000fe00
ffffff03
0401fdfd
02fcfdfc
0300feff
fd0101fe
fefd01fe
03fdfefc
01feff03
03fe0103
fdfe03fd
00fefefc
03fffdfc
fe03ff04
00000102
fd020204
0402fefd
ff01fc02
010400ff
01fd04fc
00fffd04
ff00ff02
03feffff
02ff0000
ff0200fc
fefcff02
ffff00fd
0403fe03
00fdfe02
01fc0301
fdfcfc03
010102fe
04fe03fe
fd02ffff
fc02fc01
fe0101ff
01010001
020000ff
01fcfc04
ff0404ff
03000401
ff010303
0004fefe
fe0000fd
fd000204
fd0102fc
fe030200
04fefe00
fffe0101
04fe0204
0304fc00
04fffefd
fdfe0200
03000300
0200fffc
fdfe02fe
fcfefe00
fc0304fe
fd04ff04
fc00fd02
fdfffe02
04fefeff
0102fc04
02ff0204
ffff0203
01fdfd04
04fc00ff
00020002
fd00fe04
fd0101fe
0200fffd
ff040204
01fc0300
03ff04fd
01fcff02
01fcfffd
04fdfdfc
03feff03
fe04fe01
02fdfdfd
fd03fcff
fc000204
000201fe
03000103
fffc0402
ff04fffd
0204fefd
0400ff02
03fefcff
fefeffff
fcfefc01
fe00fefc
fefd03fe
fd03fcfe
0002fcfc
fcfcfc00
fefcfe03
0001fe04
fcfc03ff
fefd02fd
030004fc
0404ff00
03020203
fe00fc04
03feff00
fefe04fd
04ff0001
fd0400fc
02fdfc00
03fe0300
0103fe00
020402fc
02fdff00
00fdfd04
04010300
03030303
0201fd02
01030204
0400fc01
fc02ff01
fdfeffff
fc0204ff
fefffdfc
00fc0301
ff01fdff
010403fe
0102ff04
fcfc0004
02ffff02
01000103
fc000002
0200ff02
01ffff02
fdfdfd00
fd0403fd
fefdfefd
fdffffff
0001fd03
000203ff
04fe04fc
0403ff00
ff010202
fe00fcfc
fdfdfd03
01fdfc01
04fd0204
02020000
fdff03fd
030302ff
03fcfcfd
fdfcfffc
01030204
ffff0201
fd00fcfe
fd00fc01
0304fd00
fffdfe02
ffff0102
02fd0202
fcfc00fd
00fffcfe
02fcfefd
0301fd00
fe0402fc
03fcfe02
fe000401
00fefd02
fdfc04ff
ff0003fe
feff02fc
01ff00fe
0204ff01
fcfc0401
01ff01fd
fc0203fe
04ff0002
fe0404ff
fffd0300
04ff0004
00010003
03fefc03
fdfe00fc
02010402
fe01fdfc
0403feff
00fe0304
fe00fefc
0001fc04
040204fd
fdfc01ff
fffe00fe
00fd0401
fcfcff01
fcfc0204
fe030303
02fdfe01
fd010301
04ff01fc
fe0204ff
fc04fe00
fcfcff02
fcfd01fd
fd0400fc
01010004
03fcfffe
ffff04fc
ff00fd00
fcfd02fc
fcfd04fe
fdfffdff
000203fe
fdfd02fd
02fffeff
00fffe04
04ff0101
02ff0404
0101ff01
04010101
fcfdfd00
fe000104
03ff0303
fd000202
02fd0202
fdfffe01
03020300
ff020201
0200fe00
03020001
fffc02ff
0401fc02
fd040404
03fcfdfc
03fe04ff
03fefffe
fcfcfcff
ff0000fc
fe04fc01
03010303
02fe0103
fcfdff02
04fcfc02
fe00fffc
fe020101
fd0303ff
03020103
fd00fe04
0001fffe
fefc0003
01fe04fe
00fffc01
fdffff00
ff03ff00
0101fdfd
fdfdff00
00fc01fe
fc03fd01
04030204
03fffe00
02fcfd04
040001fc
0103fe04
0000fe03
00000203
fe0200ff
03fc02fe
00fd0103
feff01fc
0000fc03
02fd01ff
fc030403
00fffcff
02fe01fd
fdfdfc04
0001fcfe
01fd02fc
fffcfc02
0401fc03
fcfdff01
fe020104
01fc03fd
fd04fdff
03ff0301
fe01fdfd
fefdfd03
03010100
fc0104fc
02000203
01010403
0403fffe
02040104
020201fc
000204fe
03020102
0204ff01
00010101
fcfe0102
0403fdff
03040003
fd030003
040304fd
0403fc02
01fe0202
0103fffe
fefd01fd
0401fcfc
fd0103ff
0302fe00
02020102
0100fe02
020000fc
04000100
01030401
fc030303
00fefe04
01040400
fcfefefd
fe000000
fdfc02fe
03ff03ff
04fd03fc
fcfc0303
fe0202fe
020202ff
01fffefe
02ff0402
fc030202
03fdfd02
fefefcff
fffefd03
fdfffe00
fd0300fd
02fe02fe
fffcfefd
0000fe03
fc0000fe
fe00fc01
fcff0104
04000302
ff000400
fffe00fd
fefd00ff
ff0204ff
04fd01fe
fc0400ff
fc010004
0304fe04
02010004
04030101
030404fe
fe0102fe
fc010202
fdfd0402
0301ff04
00fe00fd
040304fe
03ffff04
000204fe
ff03fe02
0004fcfd
03fc0101
0404fdfe
fcff03fd
ff00fc01
020404fd
fcfe04fd
fcfd0400
04030103
fd03ff02
04000104
fe00fcfc
00040300
ff02fcfe
fe00fffd
03000302
010401fc
01000201
000304ff
fcfcfcff
fc03ff02
0001fefc
0302fdfc
04fc0200
fefc0003
fd01fc01
03000103
fefffcfc
02020402
fd0100fc
0101fcfe
0302fe03
01fe0303
fc02fe03
03fe00fd
01030302
fc010401
000301ff
04ff0102
ff03fefc
020400fe
02fc04fd
01fe0200
fc01fe00
fd020402
0204fefe
ff020200
fcfefdfc
fcff0302
0304fc00
fefdfdfc
fcfd0103
00fd0100
fe01fd04
0304fefe
00030304
01ff04fc
030303ff
0002fd00
ff010301
01020203
fe030200
0202fefd
ff04fcff
fefe0302
fefdfffc
fffdff01
fd00ffff
01fc0002
fe010300
fdfd0102
fefe02fe
fe04fefc
04fd00ff
ff000204
03040202
04ff0403
02ff0203
fcfe0002
fe030404
fe04fcfd
fcfdfffc
fd000304
0000fe03
0101fdff
fffdff04
03ff0004
04010303
fc020304
04030102
04030103
ff00fe02
fefcfffc
fe040102
ffff0401
030101fc
010103ff
ff0300fe
fffc0002
03fcfefe
04fcfcfe
01fcfcfd
fd04fd01
0304fcff
03020004
fe030401
fefeffff
fdfd0001
00fd0200
01010002
ff0104fe
ff030004
010202fc
00fffe04
04030101
0301fcfd
04fc0000
03fd02fc
fefdfd00
0400fefe
0402fcfe
fcfdfcfe
040104fc
0402fd04
fc03fc00
fefe04fd
fefdfe02
fefc03fd
fe03fefc
010001fd
0402fc00
02ff01fe
0302fdff
fe04fffc
000002fc
ffff03fe
ff02fd01
040301ff
0203fd04
fd000001
fd030402
0303ff00
04fd0203
fdfdfefd
ff0103fd
fffc0102
fe02fefc
fefd0203
02010101
0200fdfd
0202fcfd
ff010003
fefdfd02
0302fdfc
0001feff
fe03fd02
fdfe02fc
fc0104fe
fd01fd00
ff02fdfd
ff02fe02
03020002
fd00fc04
fdfefdff
040201fe
ff000303
01ff01ff
01010103
00fd03fc
000400fe
0202fd02
fefc0004
040203ff
fffc0104
fcfe01fd
00000003
fd02fc02
fffd0403
0401fc03
03fcff00
fffdfefc
030002fd
03ff02fc
00fc0102
fd04fc02
02fe0104
fdfd0404
02fffc02
01ff0303
010301fd
0302fffc
fd020003
03fffffc
fcff03fd
01fdfcfc
00020302
ff03fffd
00030404
00ff0203
020204fe
ff03fe00
01020202
fdfc0002
fd0201fd
0002fd04
0401fefd
fffdfc01
010000fd
03fe04fd
fefdfc02
0200fefc
020300fc
fefe04fe
04000001
fcfefd01
fffe0002
04fcfe01
04fe0402
fd02fd04
ff020403
000204ff
fefe02ff
fc00fcfe
0204fdfd
030003ff
01fefc03
010101fc
03fcfd03
00fd02fe
0200fffc
01fefefd
0401fc03
030200fc
03030103
020104fc
0103fffe
0201fcfe
01ff0202
fffffe03
00010303
fcfd03fd
02fefcfc
fdfffcfe
0104fffe
03030002
01000204
00010300
fd030002
0204fcfc
00020300
040400fc
ff02fd01
fe00fffd
01fe04fe
fffdfc04
04ff0301
02ff0402
ff02fffc
fffcfcfd
02fcfcfc
00fe0302
03030201
0404ffff
fdff0004
ff0101fd
fc03ff00
0104fffc
fd03fffe
0200feff
00fe04fd
fc030004
0100fffe
02fd0000
0101fd03
04fd02fc
0302fd00
fffffefc
000404ff
fcff0204
02040004
03040304
030204fe
03fffefd
fc01fd02
04fc0101
0304fefc
fdfc02fd
030001fc
02fc00fc
fc02fcfc
03fe0303
fe010304
00fc04fe
ff0000fc
fdfe03fc
fffe0003
000001ff
fc04fd04
000302fd
fffc0302
02ff0104
ff01fefe
0304ff04
fefe0104
0202fe04
fe0002fd
fd020203
03fffd01
feff0100
0000fdfd
00000404
01020301
fdfd02fe
03fd04fd
010104fd
000100ff
fcfcff04
fc020304
fe010003
fdfd0004
0300ffff
fe000003
fdfdfd03
ff02fc04
fffcfc01
0404fcfd
ff040301
fc00fcfe
04030404
fefcffff
ff0301fd
000103fe
03010404
fd00fc00
00fdfdfc
0401fdfc
03030003
fcfc04fc
fcfc04fd
00ff0203
02fcfd02
0301fefe
03040304
fcfeff02
fefffeff
fc030202
02fc01ff
fe040102
fd02fd02
fffffcfe
ff040401
ff04fefe
fcfeff02
fd000404
fc030202
000103ff
00fcfc00
fcfd0100
030400fe
ff000302
0002ff04
04040300
03fd01fe
ff0003ff
fd0304fe
fdfe02fc
fefcfc02
fdff00ff
ff01fefc
fdffff02
01fdfdfe
03fc02fe
03030103
03fffcfc
fd0300fe
fd00fc04
04020102
00010401
03020204
03fe0100
01030203
010403fc
0401feff
00000400
ffff0100
fe040403
fd010102
02fffeff
ff01fffd
fe02fe02
0203ff04
0000fefd
fc040100
0400fcff
010100fd
01fd0401
000004fe
0001fc02
ffff0002
fc020202
fe0201ff
0102fd04
0202fd02
fcfd0404
01020202
fe0404fe
ff010002
ff04ff01
00fe0002
0201fffd
fcfc03fd
04fcfd01
fdfffdff
01fffdfd
02fd03fe
ff020304
fffc0201
ffff0000
0201ff04
ff03fc00
0300fefc
03fcfdfe
040100fc
02000301
00fc0103
fc010001
03fcfc02
fffcfe04
04fc04fd
fc030401
020302fd
fefc0201
fc00fd01
01000102
fc0200fd
fefc02fc
fefeff04
0301fefe
fdfe0004
01fc04fc
02ff0201
fc01fcff
ff04fc01
fc000100
03fe0000
fe00fd04
fdfefefd
fffd03fc
fcfffe02
04020102
03020303
030202fd
0101ff04
fe01fdfe
fffd04fe
0203ff01
fefe03fc
feff01ff
fc000201
0101ff01
000002fe
ff030104
04020404
0303fcfc
0201fc01
020002fe
01fe02fe
fdfd02fe
01000203
04fffd04
02ff04ff
fefcfc03
fc01ff00
0203fd02
00fe0100
fe01fdff
fe020303
02000303
fffcfdfc
fefe0403
00fdff04
fd0202fe
00ff01fc
0000fdfe
04fcfdfc
fc040302
fffffe00
ff0004ff
0301fd03
fe0103fe
04fdfdff
ff04ff00
02fdfdfe
ff0202fd
fefd0203
ff010203
01fe0203
01fdfffe
0200fe04
04010203
fc000300
00fc02fe
0400fcff
fe02fcfd
fcfc03ff
ff02fdff
040303fe
fcfffd02
0300fc03
020004fd
fd03fe00
02fcfc03
01fe0002
fefe0004
fefcfd01
fe020203
fcfefdfe
040402ff
fe0201fc
04fefdfe
02fe02ff
00fefffd
00ff00fd
02fd02fd
020203fc
0203fefe
ff000000
03fefffc
fffd0200
fcfc04fe
fc000100
01fcfe00
ff0200fe
ffff02fc
030300fd
fd00fd00
0302fcfe
04020404
04fe0203
fdfcfd04
01020304
fcfefffd
fcfe0001
fcff04fe
ff010302
02fd02fc
04000001
01fdfe04
010303ff
fc030403
fefdfdfe
03fffdfe
fffcfd02
01fd03fd
01fdfcff
03fd0302
04fcfffd
fd000404
0403fd03
04020402
030102fe
01ffff03
01fffffd
020104fc
fd0304ff
fc0002fc
0401ff04
04fd04fe
01fe0100
ff010203
0000ffff
ff04fc01
030402ff
ff03fc00
ffff0303
00fe01fe
fc0400fc
04000102
04040201
fffffe00
fefc00fc
00fc0004
03030103
01fffffd
000101fd
03feff03
fffcfffc
02fefefc
0302fffc
fe00fc02
04000101
fc04fcfd
0101fffe
01fdfeff
fc04fd04
fefd03fc
fefffffc
fc0400fd
03fe03fe
00fc0300
01fe02fd
040402fc
03fffffd
fefcfffd
030201fd
02000001
fdff03ff
fcfe02ff
fd020302
fdfefefe
fe0003fe
00fefc00
030201ff
fdfcfcff
fd03fc01
ff03fd02
01010203
03020202
040100fe
020303fe
fd04fe02
03fd0304
000403ff
fdfcfe04
fcfc0204
00fe0004
04fffefc
04fd0202
00fdfd02
01010204
03fefdfc
fe03ffff
02fcfc02
04fc01ff
00fd02ff
0300fffd
fc02fcfc
fd03fdfe
04fc0200
02000103
fffd02fe
00fd0103
fc02fffd
02fefcff
fe03fcfe
0201feff
fd040004
fefcfc02
0104fe02
02fdfe00
fffc0301
02010003
fd000104
fe01ff04
03ff0103
02fc0202
01fdffff
04030100
01040002
00000304
fc03fd02
02040102
02040204
fcfe0000
04fcfdff
01fffeff
fc0003fc
ff03fc04
03ff00fe
0203fd00
ffff03fc
fefe02fc
fc0100fc
fffe02ff
fdfffdfe
04020203
0001fffd
fd040200
02010204
0103fffe
fffd04fd
02fffffe
fe01fe03
0004ff04
fefc0301
ff0402fc
02fe0102
02030304
fdfd0003
03ff0004
03fc03fe
02ff0300
fdfdfffe
fc01fdfc
04ff02fd
02030004
fffc04ff
00fd0201
fdfffd01
020302fd
010400fc
fcfdfc02
010003fd
0004fe02
0304fefe
02010003
040102fd
02fc00fc
03fd0401
00030301
020100fe
01fe0002
fefc0101
01ff00fd
04fc0401
04fe0203
04020104
fd00fcfc
02fefffe
0402fd03
02fcfcfe
fdffff02
0403fe00
fe04fd04
0003fffc
020104ff
0403fd04
03fdfc00
0100fd01
fc0201fd
010300fd
fe00fe04
fc02fcfe
fc0402ff
00ff02fe
02020400
fe000201
02fe0404
01fc0103
fcfdfefd
040304fe
0401fdfd
fcfc03fc
fe03fdfd
030101fe
ff03fd01
0000fd00
01fd0002
fe03fc02
fdfe0303
ff03ff01
03ffffff
fffe00ff
01fdfffc
03fefcfe
fe0404fe
0402fefe
fffcfd04
ff02fc01
01010403
fc01fc02
fd020103
04ff01fd
0403fe00
0202ff03
fdfefefc
fd0302fe
02040404
010303fe
fefc02ff
fe03fc02
040001fe
fefd01fe
feff0001
fc000000
02fc0101
fdfc03fc
010103ff
fe02fc04
fd020400
fe0300ff
04fd02ff
0102fcff
fc0300fe
02ff03fc
0402ff03
ff00fefc
fc0300fc
00fc0004
fe040001
00ff0000
fcfd0404
0202ff03
04fefd03
00fd0302
fe030204
fe01fdfd
0001fc03
01fefc01
fc02fc03
04fc0101
ffff0400
0300fdff
fe02ff03
03010203
fd02fe01
fdfe04fd
0000fc02
ff0000fd
fd040204
030304fe
0402fc00
fe01feff
fc0000fe
000103fe
fd0401fe
fcfd0201
0001ffff
0102fe01
04040304
04fffefd
0204fe01
fffc03fc
00020401
ff03fdfd
04fffdfe
ff000403
0300ffff
0404fefe
fffe02ff
fd000300
00fdfeff
0204ff03
03fefd01
010401fc
02ff0202
0400fdfe
01000304
fc01feff
fcfdffff
02040402
0303fc02
fc0100fd
01fcfffe
0404ff03
04fd0304
fcff0104
fffc03ff
fefefc03
fdffff02
02010303
fe00fefd
fe0402fd
fc000101
01fdfe04
fdfc04fc
fd000202
020203ff
fc000400
03030302
fc00fdfd
03ff0304
ff03fc01
fdff04ff
ff01fc01
fe020403
fc00fdfc
fd010400
040003fc
01fffdfc
fc02fdff
02fdfc02
fe030002
fd0300ff
01fefffe
01010203
fe0102fd
0303fcfc
02000103
fc0302fc
010100ff
00010100
04fcfd04
fc00ff04
fc0200fe
0400fd03
00fc00fc
0401fffe
00ff02fe
03ff0402
04fc02fe
0201ff01
fe0303ff
fe04fe04
fd0104fe
04fcfdfc
fc02ff01
fc0400fe
03fffffc
020102fd
03fefdfc
01fd04fc
0200fe02
03fffdfe
fdfc0204
010301fc
fcfffe01
fcff00fd
fd00fd01
00fe01fe
000202fe
ff03fd00
02010000
ff03fefc
fcff00ff
0004ff04
fc0403fd
0304fffe
00020304
00ff01fc
04fe03ff
ff00ff04
02040302
01ff03fd
fe030104
fc01fcfd
ff01fdfc
ff02ff01
01fc0002
fdfc02ff
ff040000
03000402
01fd0301
0002ffff
0001ff02
00fcfefe
00feff03
fefcfe01
0204fdfc
ff0303ff
02fffcff
030002fe
fefefc02
fcff0001
01fffcfc
0400fcfc
fd010202
02fd0301
fe00fdfe
04020201
0002fe01
00fc0302
fdfefd01
03040300
000403fe
fefc04fd
fd030103
01fcfcfc
01fdfd01
0003fcfd
fc040300
fc01fd00
04ff02ff
fc00ff03
00fc0004
fc0301fd
03feff00
fcff0100
00010401
00fefdfe
03fe02fe
03ff02fe
040300ff
0204fc01
fffc0400
feff0001
fc0303fd
01fe03ff
01fd0404
040302fd
02040103
04fc02fd
02fc0404
fdfc0001
fdfefcff
01ff00ff
020103fc
fdfd02fc
02fd0100
04040304
fdfdfe03
fcfeff00
00fd0101
03fe0104
010202fc
03fe0101
01fd0400
04fd0204
01fc0300
fffffe03
fdfffefc
0001fdff
00fcfc02
04040401
03ff0403
000103fe
ffff0003
fd02ff03
03ff00fc
01fc00fd
0402fcfd
0404fc03
fdfd0202
fffcfc00
0201fffe
02000201
04030101
fcfdfdfe
03fdfdfd
040200fd
02ff0302
0303fefc
fc02ff02
03030402
fffd0400
fcfc01ff
03fc01fd
fd000203
040202fd
fe0403fd
03030201
fe030300
0101fffd
030100fc
fefd0400
fc0001fe
02fc02fc
00fd01fe
0300fefc
04ff0000
00fefdfc
fcfffdfc
fe00fd01
fc00fe03
020203ff
fc02fd02
ff040100
fefe0301
0201fefd
04020002
ff0302fc
03000400
03040204
fc01fefe
0404fcfc
fcff0203
020302ff
04040003
0200fe01
020302fc
fefd0000
00fc0200
fffd0303
fe03ff04
03fd0202
00fe0003
fe03fd04
04fefc01
fffc0003
fcfefd02
0202fc03
03fc02ff
0103fcfd
ff040302
04fe04ff
fdfc0104
00ff0300
ff0001fe
0301fc04
fd0200fe
fefd01ff
04fffcfe
03fc02ff
fdffff00
fcfefefc
00fdff00
03030202
0000fefc
000204fd
fe03fdfe
fdfdfcfd
000102fe
01fd02fc
fefe0002
fdfefe02
03ff03ff
ff02fcff
02fcfc01
fc0400ff
01fd04fe
00fcfd03
fc00fd00
ff04ffff
fcff0002
fd030300
04010402
04fdff03
fdfe0302
fd02fffe
fc03ff02
020303fc
03ff0100
fffefdfd
03fc0104
fe02fdff
ffff0004
0304ff01
0301fefe
fe000204
000001fc
fe040400
ff0301ff
fc01fc04
010001fc
040303ff
fdfc0001
0200fffd
01fefe00
02020204
03ffff00
0301fe01
fd000203
01000402
04ff0000
ff04fc01
03030201
04ff02fc
03ffff04
00fffffe
ff0203fd
fd01ff02
fdfcff04
fd000002
fefdfd01
fefffffc
fefe0103
04fdfffd
01fdfd00
0201fd00
fd01fcfd
fc010302
00ff00fe
00fc0003
03040400
02fc01fd
0004feff
fefcfc04
040001fd
040200fd
fe00fe00
0301fd03
04fe02fc
0100ff02
fefefdfe
020402fc
03fcfe03
fefe0202
00fdfd02
010301ff
02fefc00
ff020203
01000004
040201fd
0400fd03
fcfffd02
0202feff
fc0404fe
03fc02fe
01fffffc
00000103
fc020300
fffefefd
fcfcfdff
0300fd04
0401ffff
04fcfe00
01fefe00
00fcfe04
04010200
fcfd00fd
0301ff04
fcfcfd00
04fcfeff
0200fd04
ff040304
00fdfffc
fe040402
0303fe02
0203fc03
ff000001
fffcfdff
fe010401
00fe0002
feff0103
03fd02fd
02fc0104
04fefe02
fdfcfcff
fcfc03fd
fd020102
00000304
fe01fd00
fdfe0201
0400feff
fc0100fd
fcff0300
fffe0404
04fffe01
020203ff
fdfc02fd
0300fdfc
fcfffd02
0401ff01
fffc0101
fcfc01fe
02010404
02fdfd04
02ff0003
04fe03fd
000002fe
feff0201
0104fe00
fc000101
01fe0402
02fc03fe
03020400
00040100
04000000
fd00fffe
fdfe03fc
0203fdfd
fd02fe04
ff0204ff
02fffc02
000400fc
02feff04
01fd04ff
03fe0000
01fffffc
02fe00fc
00010004
030004fd
00fdfcff
fcfd0001
04000301
04fc0401
02fd0404
04fffffc
fefffe04
030103fd
02fd0003
fc02fd00
fdfffdff
0401fd01
fffc01fd
fcfeff02
03000003
fcfd0201
fc02fefd
01fc0103
0000fcfd
fefffefc
fcfcfdfc
fefcfd02
00030300
030103fe
03000200
03fc00ff
04020103
030303fd
fcff0401
fc04fcfc
fe0200fc
fffdfefe
03fe0102
0204ff04
000000fe
fdfc03ff
00fd0104
fffc0404
0200fe02
04030003
010100fc
fd04fc01
fd04ff04
000402fd
fc01fe03
fffc0104
030204fc
04030303
fc00fffd
fc00fe00
fffd0403
fe0400fe
ff01fd03
04ff02fd
0003ff03
fe01fffc
fefcfdfc
030002fd
fc01fc01
00fcfc03
ff010302
fe000300
000301fd
01030001
02010103
020403fd
fd04ff01
03fffc04
0301fffd
fefcffff
fe040201
fefdff03
fc0003ff
01fe0301
000202fd
fe040202
0000fc03
0203fd03
fefc0302
fe0203fd
00ffffff
feff0201
fcfdfcfe
02fefc03
010304fc
03fe0101
fd04feff
01ff01fe
03fd0000
0000fdfc
fcfcfdfe
02fe0204
00fc0100
04fffffe
0000fcfe
04fffcfd
fefefefc
fffe0204
00fe0203
fefd0204
030402fe
ff0102fc
040101fc
ff020102
fd01fefd
0301fe03
fcfd0400
fe000304
fd01fefd
fc04fdfe
000200fd
fc020204
fc04fd00
fc000200
fc0204fd
000102fc
03fd0304
fcfd00fe
fefe04fc
040303fe
00fc04fc
fc03fefc
ff03ff02
00fe01ff
01fcff01
0301fd00
03fd0004
fd040103
03fcfe01
fcfd0201
fe0402ff
01fdff03
ff04ff00
fd04fc00
fc01fe03
0304fc02
fe03ff02
fdff02fc
02fdfdff
fffcfc03
fefe0101
0203ff01
020102fc
fffdfcfe
fcfffc04
04fcff01
fc040004
fe040004
02000103
02fffffe
fdfe0102
fcfefcfc
01fd0003
000302fc
fc0401fd
02fc02fc
020302ff
fcfc03fe
fefcfe04
0304fd01
04fcfdfd
fe0004fd
03fe0300
0302feff
030102fe
0001fd02
fdfc02fe
fdfe02fd
02fd02fc
00fe0402
ff04fdfc
00fd0103
01000400
fe04fc03
01020202
010301ff
fd0103fe
03ffff04
fc0402fc
fc02ff04
fe0104fe
01fe03fe
01fc00ff
fd03fefd
03fcfd04
04ffff03
0000fc04
00000002
03fcff02
fefe03fd
fefe0300
00030103
0402fefd
02010101
040401fe
01010000
ff040301
02ff00fe
fd02ff02
02fffdff
00fd00fc
ff0002fe
02fcff03
fe02fe01
fcfefdfe
0100fc00
0303fdff
0102ffff
0300fe00
fe04fd00
fffefe03
fefc0003
04fd03fd
04ff03fd
fe01fefc
01fefc02
00ff02fc
01fe0204
02fe0101
fc01fdfe
fcfdfefe
0300fefe
fefc0404
0200fdfc
04fffd02
01fcfeff
fe000004
fe000201
0204ff04
fffffffc
040104fd
04fefcfe
01fd01fc
ff02fcfe
04fe03ff
020103fe
fd0100ff
fefd00fd
0103fd04
0403fcff
fcfd02fc
00010203
fe00fd04
03040203
00fc0203
fc02fd02
fdfffd02
03030403
fc04fd02
fcfc0303
03fe0404
000400fc
fe0101ff
fcfefc03
02fefe04
01fcfe02
040401fc
000402ff
02fd0102
02010100
00fefc00
0300fc00
02040004
fdffff00
01fdfefd
00ff03fe
030102fe
04fe04fd
01fffd04
0100fe03
fc0101fc
04fc00fd
fffcfdfe
fffdff02
fe03fe03
0201fd04
04020101
01ffff04
030301fd
fc00fc00
02fefffc
0301fd04
04fefefd
0102fdfc
fdfc00fe
02030101
02fd0402
04ff0003
01fd02fd
fc03fe01
ff0104ff
04040402
01fd0004
01fffe04
fcff04fc
fdfffefd
010104ff
ff010303
fdfefefe
04fefd04
02fe0000
fcfd02fd
02040202
ff00fefd
010100fd
fe02fd01
0203ff00
04ff0204
0301fc04
fefe0102
fdfc01fe
fc000404
fefc02ff
0401ff04
03fcfe00
02fc02fd
fffdfefd
00fefd02
fffeff00
0303ff01
fc01fe02
0100fc02
fefcfc03
fdff02fe
00fdfcfe
00000001
fc000200
02fd01fc
0403ff02
03fefe03
0404ff02
000103fc
0401fd01
0300ff03
0002fefc
01fc0102
01040404
ff03ff02
0303fcfd
fffffc01
ff02fcfc
ff04ff01
fcfe0300
fdff01fe
01fcfffc
fc0100ff
fffc0201
01fd02fe
fdfe0401
fcfd0103
00fdfcfc
fdfc0401
01030401
fe030100
ff00fcfd
04fd0001
02fc0402
fcfdff01
fdfc01fd
fdfefd02
02fffe03
01040103
0100fcfe
0100fe02
fdfe02ff
fd04fd01
fefffefd
03fc01fe
02fc00ff
fe0204fd
ffffff04
04040302
fe01fc03
0003fe04
00030002
0203fdff
0403ffff
0203ff01
fefe0200
04fefcfd
0401fe04
0200ff04
03fefcff
fefc00fc
040303fe
04fcfdfe
00010100
fdfc02ff
04fefd03
00fcff03
040000fe
00fe0101
02fcfefc
000304fc
010001fe
fd0302fe
fc0300fc
000300fd
00fffd00
0304fdff
0203fd04
03fcfefd
00fe04ff
01fcfcff
fd04fe04
04fd0201
fdfe02fe
02fcfd00
fe040303
0400ff04
0102fc01
03ff0202
04fdfdfd
fdff02fc
fd0004ff
01040002
fefc03fc
ffff0001
0401fe00
04020004
02fffc02
02ff0204
fefdfeff
fe0303fc
04020102
fefdfdfe
fcfefffc
03020303
03040100
ff02ffff
01fd04fc
010401fe
04fffc04
0302fefc
fdfd03fc
0303fc03
fc0402ff
02fdfcfd
02fd04fd
02fc01fc
fefcfcfd
04fc0000
0201fc00
fe0402ff
fffdfd04
0401fefe
00fcfcfe
fefefcff
03ff0001
01ff01ff
fdfd04fc
fc00fd01
fefeff02
04ff01ff
00fe01fc
fd0102ff
00ff0102
030403fe
00fe0403
030101fe
fd0402fd
0203fd00
fefeff01
00010300
ff03fc00
fe0004ff
02ff02fc
02000402
00040103
fefc0402
fd0003ff
0004fe01
01fc0400
01fdff01
000303ff
fcfe0404
010101fe
fc030002
040104fe
fffffc00
ff030400
fffc0301
000000ff
0303fcfc
00fcfffc
04fcfdfd
00fe01fc
03fefd01
02ff0001
02010301
00ff02fd
0302feff
02fe00fe
ff0201fe
fc01fcfe
01000001
fe0401fd
fcfefc03
02fffc00
000203ff
ff01ff03
ff02fc01
00020101
fd030100
fe040403
04000101
01fd03fe
fc00fe03
fd01fcfe
feff03fc
01010402
00fc00ff
01fc03fc
04fcff02
ff020200
fefc0401
fd010200
0001fd00
fefeffff
fefefe01
0002fcff
0104fdfe
fc000100
0004ffff
020101fc
01fe04ff
fd0103fe
030300fe
02fc03fc
01fc03ff
ff0204fe
02fdffff
00fe00fc
fcfd0304
fc04fe01
0303fe02
02fe0303
030400fc
00ff0103
02030302
02fe0404
04fdfcfe
010304fd
0003fefc
02fdff04
fefe03fd
fd030104
ff02fcff
03010001
ff010103
fefefcfc
010103fc
0101fefd
020303ff
00fe0003
0103fdfe
fd0101fd
020104ff
0403fefe
ffff00ff
03fcfffe
00fcfefe
0103ff02
020404fd
01fc01fc
fefcff02
fefcfefe
040104fe
01ffffff
04fd02fc
0401fdfe
01010400
00fcfffd
0303ff03
01fd0302
fd00fd00
ff04feff
00fe02fd
fdfc03fd
03fc02fd
00ff01ff
03fc02fe
01fcff01
01fc0202
02fdff01
fdfcfd03
fc000300
02030102
00fdfc04
fc0100fd
01fefc00
ff020000
fcfd01fd
fc01fffe
fe030202
01010302
0200fffd
fcff04fd
01030404
02fd01fd
fefdfffc
fdfc0201
ff0401fc
04ffff03
fd040200
0101fe00
fdfffc02
00feff01
fefcfe04
fe040300
00fd0004
ffff01fd
00fe03fc
02ff0304
02030202
fffe0100
0001fc00
040202fc
ff010404
0004fe02
fd0104fe
fdfffd00
fffefe00
02fffe04
04fd0000
040104ff
03fcfc04
0104fefd
0400fe04
ff02fc03
fc010000
fe030002
04fc04fc
fffcfefd
fc03fd03
0003fcff
04fd00fc
ff030303
fffc0101
00ff0203
040204fc
fdfe0101
01010301
00fcfe01
fcfc0100
01030301
fcfdfffd
01fefd03
010404fe
03fe03fe
fefffe01
030003fe
fe03fcff
fc04fdfe
03030101
02000001
00010401
fc0000ff
010401ff
0002fe01
04fdfc03
fe0304fe
fdfffc03
fffefefe
00010002
000100fc
fd020202
fdff02fe
02fcfeff
04fffc01
040101fc
fe030000
0103ff03
02fe0301
fdfe0403
00fe0001
fc0201fc
00fffefc
fe00fdfe
fe0201ff
03ff0004
03040400
fe040202
0004ffff
03fe0003
fd00fefc
fdfe0303
fd0102fc
03020104
04fc0103
ff040004
ff02fcfe
fefe04ff
01fdfc02
00000302
ff0201fd
fd03fc02
04fffffd
04030300
03fffdff
fdfdfc01
0003fcfd
02030004
fdfd00fc
02fffcff
fc000400
03030203
fdfd0402
fc04fe02
0102ff01
04fd0104
ff01fffd
fdfe03fc
0000fc01
00ffff01
0101fffc
ff02ff04
04000203
04fd0201
feff00fd
0103fcff
fcfcff01
fc040002
fe0404fc
fefe03fe
03020001
000403fe
fe040104
04010003
02fc0001
0200fffc
03fd0000
010004fd
00fdfdfe
fe0300fd
00fefcfe
02030001
040403fe
fd0004fe
fefdfffe
03fcfcfe
03fcfcfc
ff0201fc
0401fc02
ff01fffc
04030203
fe03fd04
03fcfcfe
fe02fe01
00020104
01fd00fc
0304fcfc
01030004
03030201
01fd04fd
0301feff
03ff00ff
0201fd00
0203fcff
03fcfc03
030004ff
04020303
fdff0404
fe01fe04
fffcff04
fdfd0100
0204fefe
02020102
fefdfd01
01ff00ff
0002fffd
00010000
fc040202
04fd00fe
020003fc
0203fdfd
fe000302
040100ff
030401fd
02020201
fc040302
01fd0200
ff00fcfc
fc000404
fdfc00fc
fc02fffd
fefc02fe
01fc04fd
fc03ffff
fe0201fe
040202fe
03ff0202
03ff04fc
02fc0304
04fefffd
01fe0301
04ff01fd
01fdfc01
fefefe04
fefdfc00
0301fdfc
02fffe02
fe0203fe
fd03fefe
fefffcfd
fcfdfe01
00fc00fd
0404fcfe
fd02fd04
ffff0303
03fd0003
ff000200
0104feff
0403fe04
fefe0102
02fefc03
02fcfefe
fefdfffd
01040201
fcff01fc
fd0200ff
ff02fdfe
02030004
0304fc02
04fc01fd
fefefefe
020003fd
04fdfe03
01fe0403
02fdfc00
0204fefd
fefe0303
04040402
fe03fffc
010403ff
0002fdfe
fcfc0204
ff010302
01fd02ff
fe02ff00
01ffff01
03fc03fc
0101fcfc
fe04fffe
02fdfffe
fffc04fc
fc0103ff
fdfdfc03
02010001
03fefe04
04030100
fdfd00fd
fffcfcff
0204fd00
00fdfd03
020303ff
000204ff
ff0400fd
fcfefd03
04030301
01fd01fd
fd02ff00
fefffdff
fd010001
0003fc02
02020302
0404fdfd
040301ff
fdfefffe
0204fe01
03fd0401
fcfe00fe
fd0402ff
03fd0103
fcfcfcff
030100fd
ff00fd02
ff020304
01fc0101
01010203
fe00fffc
0401fe02
fefffc02
fcfcfd04
fefdfefd
00fcfd04
00fc01fc
02030002
02020302
ff0001fc
fe030401
00020101
00fd04fe
fffffdff
fdfd03ff
01fefc03
010002fd
03ff04fc
01ff0202
02fe04fd
fcfd0402
ff00fe00
fc020003
040102fc
02fffe03
fcfe0104
04fd0404
0204fd02
fefd0202
04fd0404
01030401
fdfe0302
fc04ff04
030201fe
0401ff03
04ff04fe
fefdfc03
fc02ff00
0203fe01
00fc03ff
fd01ff04
0302ff00
030000fe
fffe03fe
fe00ff04
00ff0204
fd00fe01
00040404
00fc0400
04ff00fe
04030304
01fd0101
0101ff04
ff040402
fffe0200
fefc0102
000301ff
fc00fd00
fe02fcff
feff03fc
fc030003
fd00fd04
01fdfe04
010203fc
fd030004
03fe00fc
0103fd02
fffe0203
fd03fefe
01ff0000
fe0003fc
0402fdfd
00fe0201
00fcfdfe
04fd0302
0301ff04
020002fd
ff03fdfe
0103fefd
fefd0003
03fe01fd
0400fc02
fe04fc02
01fcfeff
01030302
00fcfcfc
ff01fd01
fffe03fd
fd0404fc
01030102
fd04fc04
01fdfffc
0304fdfd
02fe0401
ff03fffd
0001fefe
ff04fffe
03fc0403
0202fd01
ff0004fd
01fd02fd
fd010304
ff040100
fd02ff01
fd04ff04
fd00ffff
03ff02fe
ff00fd02
01030102
00040102
04fc0200
02fd0401
00fd03fc
03ff0102
fcfcff02
0401fffd
000202fe
0401fc01
02fc00fe
fe00ff00
040101fc
ff030302
0400fc04
0303fc04
01fd0001
fcfe0403
fefc04fe
01fcfefc
fd02fe03
fd010302
02fdff01
0403fcfe
010103fc
fe0304fd
01ff0200
fdfe00fe
03fd00fc
fc01ff00
00fefe03
0202fe00
0202fcfd
010403fc
fe04fd02
0402fffe
00fdfe04
fc0002fd
03fdfd00
0104fefc
02fcfefd
fdff01ff
04ff03fc
02fe02fd
0102fefc
fe01ff01
02fc0204
ff00fefe
00fefcfc
00fefe03
ff00fd01
fd030403
02ff02fd
010204fc
00fc02fe
fd03fc04
fdfc0000
fffcfdfc
02ff0403
fc010104
fcfcfcfc
03ff0202
04fdfc00
00fdfefd
fe03fe03
04020404
00fd00ff
fdfcfcfe
fc03fe00
00fe0102
0104fefe
ff0003ff
01fdfdff
03fdfc03
fefe00fe
fcfdff02
fffefe02
fc030002
02ff04fd
ff02fefe
0400feff
01fd0300
fffe03ff
01020201
010003ff
fcfe00fd
04020201
0301fcfd
0001fffe
fd00ff03
fdfd0400
00ff0204
00fcff02
fd030304
fffe02fd
0002ff04
000403fc
fd0401fc
fcff0202
000203fd
fc04fe00
fc010303
fc000101
02ff04ff
fffd04fe
fcfdff00
03fd03fc
ff0103fd
fd00fd02
00000400
fc02ff00
fdfdfefd
fe0201fc
fd01fc01
ff0301fe
fefc0201
01fd0400
0201fc02
ff0302fe
03ff01fd
feff0202
fffeff01
00000204
00fcfd00
01000100
02fd0400
fdfe0103
fdfefdfe
fdfdfc03
0203fd03
fffc0402
fffd00fe
00fd01fe
01fefefc
01fd00fc
00010400
fdfd0403
fe000404
000200fd
0302fffc
fc0000ff
fe000000
fdfe0200
ffffff01
fe040403
00fefffd
fdff0301
02fdfdfe
020102fc
010403fc
02fcfcfe
03ff01fd
00fe0304
fe02fd01
040000fd
04ff03fe
00020200
fefd04fe
ff030302
ffffff02
fffc0003
fcff0003
00ff03fd
fe0403fe
02fd03fc
0400fd00
00010404
fffcfc03
03fefdff
03000001
01000202
000304ff
fcfd0004
fe00fcfe
fcfd02ff
02ff04fc
00fe00fc
03000102
fc02fd02
fe0301fc
04010103
fffffcfc
fc010104
ff010303
fefe0104
01030302
0403fffc
fd02fdff
02fffe01
040104ff
fefdfe00
fc0303fc
fe03fd02
0300fc04
02fcfffc
fefcfdfd
04fcfc02
fcfffffc
02ff0001
01fc04fe
fdff0404
fcfdfeff
fffe0004
0101fd03
0201fd04
02fcfe02
0002fdfe
fcfd04ff
01fd0004
fefc03fc
04fdfc00
0202fdfe
fefffefd
03020200
fd040103
01040404
03fd01fd
03010103
0100fd02
fcfdfd03
02ff03fe
0002fffe
0204fe03
fd0401ff
010403fe
fc03fd04
fd0102fe
04fe01fd
0300fdfe
fffcff00
04fcff02
02040402
fc02ff04
feff0002
00010001
fe02fdff
fcfdfd01
fc03fc04
ff010404
fffc0303
fe0402ff
01fefefe
fcfdfc00
feff02ff
02fcfffc
000301fd
00fffefd
010002fe
ff0003fc
01fcff03
ff02ff01
fd040404
fe04fe00
fc02fd01
fefd0203
04000200
fffffcfc
02040202
ff040102
0403fefd
03ffffff
0202fe04
fc02ff00
fc0204fc
00030403
04fcfcfd
04fffc02
04010404
fdfcfdfd
0200fcfc
04000401
00fefdfd
fffd01fd
fcfd0404
01fffffd
fe010203
01030204
03ff00fd
ff04ff03
fe00fe00
03030403
0002fcff
ff00fdfe
01040002
00010302
0301fcfd
fc030004
0104fe04
fffd00fc
040302fc
04fe04fc
fe03fd00
fcfffc04
03ff00fc
0004fc01
fc0003fe
fc0400fc
020303ff
02fc0104
fd000001
00fc00fc
fe0003fd
03fefdfc
010004fe
0404fefd
02fffcff
03fdff03
ff030401
fd040101
01fdff01
0401fc00
03fc00fc
feffff04
000401ff
fd0100fe
0001fdfc
fc03fdfc
fffefefc
010302fe
03feff02
0404fd00
0004ff01
fd00ff03
00fffcfd
02fd0201
fdfffeff
fdfe03fe
fefe0400
04fcff02
fc00fd04
ffff0102
fe04fffd
fc02ffff
01fdfffe
000002ff
fc010401
fd0200fc
fdfc0404
fdfc0302
fd01fffc
fd03fd00
03fd0002
03fefdff
02fc01fd
0404fd00
010202fd
fc0002fd
010204fe
0103fd04
ff03fdfe
01fe0402
04040104
000103fe
0100fdfc
0301fd03
03010401
03fc0303
03fcfffd
fffc0401
fdfcfcfe
fc0204fe
fefc0401
0300ff00
ff000101
fc020300
fcfc0201
000102fd
010102ff
04fc0201
fefffe01
fe040000
0400ff00
02020203
fc040403
fc0301ff
01ff0400
01feff02
0101fc02
fc0102ff
00fdfe04
fdfd0102
fcfc0103
fc000101
03000100
010304fd
fc0303ff
03fe02ff
03fdfc01
ff0303fd
02010404
fffd03fd
01030204
0300fffd
fd04ffff
00fe0403
030204fd
fd0204fe
fdfcfcfe
fd0204fd
02fe0403
040403fd
0004fd00
fc04fc03
fe02fe01
02fcfdfe
fd01fe01
fffcff01
02ff03fe
fcffff00
fe00fc02
00030003
010304ff
04fdfdfc
fe04fefd
02fe04ff
04feff04
04030102
02fc0401
030004ff
ff01feff
02fc04ff
02020400
01fc0103
0103fd00
fd0301fe
fd010204
020000fe
fd01ff01
fd0204ff
fdfffc02
fc04fe01
000301fc
0101ff04
02ff00fe
03fd0302
04000203
fc0104fd
0200fd00
00fd0404
fffdfefc
0304fdfe
fffffd03
ff04fffd
01fc0303
02fffcfc
fcfd0002
fc02fdff
03fdfc04
02010002
020104fc
02fe0004
0401fefe
fc00fc04
ffff0303
02020304
030402fe
0102ff02
ff0000fc
00fcfdfd
fffd0203
01040000
000202ff
01ffff00
01010200
02fe02fc
03000204
fcfcfe00
04fd04ff
fe020203
fffdfdfe
fefdfcfc
fd01fe01
03ff0203
010403fe
fcff01fd
fdffff02
04040103
fc020401
01fefe04
0103fdff
0003fefd
fe01fffe
fc03ff03
0103fdfd
fd0402fc
02fcfd04
0203fefd
04030404
fd04ff04
00ff0001
0103fdff
0202fdfc
fc040302
fcfdffff
03fcfd03
fd020402
0200fefe
fdfe0302
ff010401
0001fd01
0200fdfc
01000202
03020403
02fcfd01
ff0200ff
feff02fc
fcfd01fc
020401ff
fffdfefc
04fcff04
fd04fefd
00030003
010204fc
01fe02ff
fe02fe01
000002fe
ff030000
03fd0301
00020102
fdfffffd
0300fffc
fdfefdfd
0201fc02
0104fc01
fd0002fc
00010101
02000302
000000ff
04020203
0101ff00
01010001
00000103
fc0101ff
03fcfdfe
03ff01fe
fefcff01
00fcfdfc
fcfe00fe
04fd01fd
02fcfdfd
fc020003
0000fe04
fefffe02
02fe0302
02ff0202
00fc0401
fefe0403
02ff04fc
fc04fdff
00fdfe03
fdfffefc
fc030404
fffefd03
ff00fffd
fdfd0301
0300fc03
fc04fd04
fffdfdff
fe0303ff
040304fd
03ff03ff
fefffcff
04fc0301
020403fc
ff040403
fd02fc00
00fdfdfe
00fd00fc
fffe03fd
03fefcfc
fcfe0003
03040301
ffff02fe
01fcfe00
04fcff03
00fe0101
02000104
0003ff04
04fe0303
fdfd0403
01fffcfc
fdfefd00
0001ff03
fc0303fc
04fcfffc
00030104
00fcfc02
ff0203fc
040403ff
fdfd0304
00ff0004
04030400
03ff0202
fc02feff
ff01fd00
ff01fefe
01fefffc
03010400
fd010103
03fd01fc
0102fd04
000403ff
03fcfd03
fc040004
00fffc03
fc02fc04
fcff0402
00fefefc
fc000402
ff01fcff
020100fd
020100fd
0303fcfe
fffd01ff
04020304
0403feff
0300fe04
040103ff
020403ff
030300fc
04fe0201
020001fc
000000ff
04ffff01
030203fc
03fcfeff
04fffc02
01fc04fe
00fdfefd
02fffc00
fe0302fc
fc01fe00
01000203
0300fd04
fd00fc00
0202fcfe
fcfffeff
000001fc
02fdff04
fe0101fe
ff04fdff
0001fdfd
0402fcfc
01fffcfd
fefefffd
01000100
fe0202ff
03fd01ff
fcfdfefd
fc04fdfd
fcfd04fc
fefc0004
fe0103fc
fc0102fc
0203fcfc
ff010400
010002fe
03fe02fe
fd03fcfe
02fefe03
0202fd00
02020002
000303fe
fd02fe00
fc0103fc
fc040400
fc000103
01fefdfe
0002fcfe
02feff03
04fcfd02
0403fc02
00fcfc00
fe02fe02
fffe0203
02fd0000
fefffeff
00feff04
ffff02fc
0403fc03
fefe0100
ff02fd01
fffd01ff
01040203
ff040104
04fc0301
00fe03ff
fdfffdff
0203fd02
fd020300
00030401
fcff01fc
0000fd01
01000300
00030102
fc02fcfd
fd0102ff
fd0301ff
02ff02fc
0304fdfc
0304ff04
fd0201fc
ff0403ff
00040201
040100fe
02fc0202
020302fd
ff01ff02
0100ff02
00fd0103
03fe0403
02fdfffe
ff000102
020101fd
03040404
fefefe00
fdfefefc
00fe0302
fc04fe00
00fe00fe
fc010300
ff00ff01
fe040404
ff01fffd
fc02fffd
0004fd01
04000303
fd000204
fe00fcfe
0204ff02
01020102
fefc04fd
fdfe0304
02fcff03
fd04fe02
0202fffe
0003fcfc
00fd00fc
fc010302
02fd04fd
0104fd02
fdfc0200
04fcfe04
04020302
020104fd
fc030201
fd04fc00
00fefcfe
0404fdfc
0000fefe
fe040402
020303fc
03fefc02
010000fd
fc010102
01fe0202
00fefd00
fdff03fc
04030300
fc000300
000004ff
fffeff02
fcff03fc
01fdfffc
fd020103
fffdff04
040100fc
fdfdfc02
fc0201fe
010304fd
fefc02fd
fcff01fd
020303fd
0101fc04
02fdfcfc
fcfd0303
fdfe01fd
01fc0102
fdfc0402
fc010300
02fdfd04
04fcffff
030204ff
00040002
01fdfe01
fe0403fe
fd04fffe
fc0402fe
0400fffe
ff0002fc
0001fe04
030001fc
fefdfeff
fe0202ff
03020000
fffcfc00
02fffcfd
fefdfc02
00fffd01
030204fc
fe010001
fffcff00
030001fe
00fe03fd
00fe00fe
fd03fdff
fdfeff00
0300ff02
01fcfe01
fd0000fc
0203ff03
fc0003fd
fd0402fc
0304fd02
fc00fc04
02ff01ff
01020403
0004fcfd
fdfcfc04
03ff01fe
fc00fcff
040403fc
02fcfefe
020301ff
fffe0203
010400fe
fffdfcff
0200fe04
0000fd04
04fdff01
fefe0000
ff04fe02
010401fd
0104ffff
03ff0204
000203fd
04fd04ff
0200fc02
fdfcfc01
0103fcff
010004ff
030404fd
fd030003
fefcfffc
03fdfc01
fd000403
fc0003fd
fefd0001
fefe02fc
fe0400fe
01fefefd
03fefd03
fc0100ff
ff010400
fd00fefd
04020103
0401fe00
0100ff03
fd0403fd
fefd0204
0301fcfe
ff0404fd
02ff04ff
fc0001ff
ff020304
000404fc
fefdfd00
ff020201
fcfc00ff
fdfe04ff
0203fc04
01fd04ff
fc00ff01
04fefdfc
04010304
ff000200
fffc03fe
03fefc01
0402fe00
01fffdff
fffcff01
0303fc02
00fefc03
02fe0301
fffc00ff
fefcfffc
04ff0100
04020302
0004ff04
04020401
fc020300
fdfc02fd
fcff03fe
04fe0002
010202fe
fe0200fc
fffd00fc
fffdfe01
04fd0104
02ffff02
ff0003ff
fe04fcfc
fdfe03fd
fc04fc00
040300fc
01000403
0301fcff
fefdfdfe
03ff0303
fd00fd01
0103ff02
03020101
ff040304
fefd01fe
fcfeff04
fc030004
03fcfd04
04000100
00fdfc01
fd040004
01fc02fd
0303fcfd
04fcff00
03fc00fc
fd0300fd
fd0004fc
fffe0402
ff0004fd
04fcfcfd
01040001
02fefcff
03fdfdfe
03fcfe02
0101fefe
02ff0400
00ff0003
03fcff01
0304feff
fe040204
03fe0000
fe04ffff
00040104
04fcfd00
fd010103
03000104
01030104
ff02fdff
fffdfdfd
fefcfe00
0001fd03
fc010401
04ff00ff
03fd0402
03040402
fe0301ff
04fd03fd
04020000
02040402
fdfe0203
0000fffd
fc010300
fd000203
fd01fefc
fe03fe01
fcfe03fd
fd03fd02
0100fd01
fe0202fd
00030300
fcfd0202
fcfefffe
00fffd01
0203fffd
02030301
01fefffc
0000fe02
ffff0201
00fffd04
01fd04fe
02fe00ff
fc03fe00
fcfd03fe
0004fffc
fc000103
04ff01fe
ff01fdff
fffdfe01
fc040204
0002fe04
ff040304
02fc0204
02fcff04
fefffefe
0104fdff
fc02fe04
010102fd
fcfdff03
0004fefd
fc04ff02
fefcff01
00fdfd01
fc0400ff
040103fc
fcfe0001
fc01fd00
02030004
ffff0401
02fc0000
fffdfd02
0004ff02
0103fd00
fefe0401
00010101
01ff00fd
fe04fdfc
0204fffe
0002fcfe
030402ff
02fe03fe
04030301
01ff01fe
01fcfdfc
00000101
04fc0001
0304fc04
ff010402
fe00fc04
ff04fcfd
0204fcfe
03ff04ff
04040100
fdfdfcff
000002fe
02040404
000302fe
00fc02ff
fffeff04
01010400
04ff02ff
fd03ff03
0103fffd
ff03fefd
02fe0401
fdfe04fc
fe0303ff
fdfffd00
02020300
00fe0002
fdfc0001
fefd0002
0004fc02
fcff04fd
fc01ff01
00000404
02fd02ff
00020104
fe03fd00
fcfcfe03
fcfcfcfc
03fe0301
fe040204
04010304
0404fe04
01ff0002
ff01fefe
fdfe00fd
01fd03fc
03fd00ff
fe020002
000003fe
0304fefc
01fcfdff
fc030301
fe030002
04fffc02
ff03fdfc
fc01fffd
01020300
04000303
01fc0100
0103ff03
ff0302fc
01fffc02
04010300
fc030101
03040300
fc030201
01fefcff
03020304
02000401
00020000
fe020304
fdff0204
0200fd02
0403fc02
fe01fc00
ff000203
fefefdff
04fc00fd
0003fcfd
030101fe
00010001
030203fd
0103fffd
04fe04ff
010204ff
03ff04fe
ff040301
01fefc01
fe02fdfe
ff000404
00fffcfe
030200fc
00fd04ff
01fcfd02
ff04fc02
fdfc00fd
fffc03ff
fdfc03fe
fe030304
fd00ffff
fefefffc
fc02fcfd
fffd0301
fe0301fc
01040004
00030402
fffffd03
000404fe
fe0202fc
fe040002
01fefc04
04fcfcfd
03fdff03
04fe03fd
04040400
fffdfefe
0403fdfd
04fffcfd
fc04fe01
fefc0004
fd0103fc
02fd03fd
fd0104ff
fd0200fd
02fd00fe
fe00fe02
01fdfe00
030100fe
040102fc
fdfffd00
02ff03fc
fffd00ff
02fc01ff
0301fdfe
010403ff
fd0102fc
01fcffff
ffff0301
ff00fc00
fdfc01fd
01000304
04fd04fc
fefc0201
01fefc01
fc03fffd
02fffeff
fc030400
fe0002ff
02010303
0004ff03
ffff0300
02020004
0403fd02
fdfe00fd
0202ff00
04fdfc01
fcfefffe
fcfefcff
000100fc
fdfd0003
0302fc01
fc0101fe
010302fc
fffe0102
ff030403
fe0201fe
03010303
04fe0403
fcff0203
020002fd
030402ff
020104fc
01fefd01
01fe0401
fffc0400
fd0002fe
02fc02fe
03fcfe04
ffff0200
fcfefdfd
feff0000
fc03fffd
fd0002ff
fdfe0403
020001ff
04ff0404
fdff0200
fd0001fd
04ffffff
02010104
fd01fefe
02040003
fdfefcfd
02fc02ff
fc0003fd
fcff00ff
0204fdfd
fdfdfcfe
02fcfc03
00ff0204
0300fffe
fefcfc04
01fd00ff
fe010302
01fefefe
fc0101fe
04040300
02fd02fc
fd030200
02010101
00fefe00
00fe0301
fcff0203
fffffdfd
fe01ff00
01fcfe01
01fffeff
0400ff03
040300fe
01fcff03
fcfcff02
00030200
0004fd01
04fdff00
fcfd0100
fffd0404
ff0204ff
0203fe04
fc04fffd
040401fc
020102ff
0201fd02
000304ff
01ff0004
fcfd0001
0000fe00
ff010200
fefd0304
ff01fd01
0402fc04
02010103
fcfffd00
fe0203fc
fe02fe04
ff03ff04
fd020304
0204fefe
010302fe
02ff03fe
fd04fffe
0404fffd
fd00fd03
0402fc03
fefc0102
0402fd03
03fe01fd
000101ff
02fc02fd
fe0104fc
fe010400
01020003
00fc0401
03020004
ff010403
fffdff02
fdfefc02
fe010100
fffd0104
00fc0003
ffffff01
04000303
010004ff
fd01ff02
ff0001fc
fd01fc00
04fefc01
fc000204
fc020104
01fc04fd
fd00fffd
01000202
fffe02ff
fefdff04
02fc02fe
fffffeff
0102fffc
fe04fdfc
00fc0102
fd030004
fc00fefe
0301ff00
03fe04ff
01fdfdff
03020003
010101fe
fe01fefd
fdfefc01
02fc01fc
0104fcfc
02fefffc
04fc02fd
fe04fdfe
04fefe00
0102fe02
02ff0204
fffe0104
04fe04ff
0100ffff
fdff0403
fc010002
00040402
03010004
030204fc
0403fcff
fffc0102
fdff0204
fcfdfcff
00010003
0102fdfc
fdfc0200
02010003
fc0304ff
000002fe
0402fd00
fd020000
000400fe
fc030404
03030001
fefcfd00
04fe01fd
020300fe
fefdfe00
fc000000
ff020200
03fdfefc
ff0203ff
ff0400fe
03fcfe04
02fcfd03
020402fd
04fe0300
03010301
fcfc0001
fe030102
fd0104fe
01010304
00ff0102
fd00fdff
01020000
03fffefd
0002fdfd
00fe0000
fffe0200
ff02fd00
020003fd
0403fe02
fffefdfd
00000103
02fe01ff
fdfefeff
fe010301
03020400
00fdfd02
fcfd00fe
fd03fdfe
01030201
02040400
02fcfffc
fcfd0101
03fcffff
04fdfffd
04fe0400
03fd0302
01020401
0302fc03
0401fffe
03fc00fc
fe0002ff
0203fd02
03040301
01010204
0200ff02
0104ff01
fd04fc03
fffefd04
02fcfc00
0102fffd
03fe0100
ff0102fd
fe04ff03
fffdfdfc
ff040100
04fcfe02
ff040100
0202fcfd
030203fd
03fffefd
fcfffe00
fefeff00
04fe0102
03000300
fcfefffe
04040302
fe04fe02
fcfd01ff
fc00fc04
fdff0401
fefd0300
fcfd02ff
fdfd00fe
010203fc
04010003
0203fc02
fffefe03
00fc0202
02040301
01030202
02fc0004
02fe03fe
03ffff00
02040301
0100fefd
fe040402
fd000103
01fdfeff
fffe0402
fffefe02
000102fe
fc030204
feff0001
04010304
fe0302fc
fe0004fe
0004fc04
02020403
04fc04fc
ff03ffff
fd030304
03000203
fcfe0103
010301fd
01030102
03ff0401
03040102
04fd0103
fefcfdfc
03020404
fcfcfffc
ff010000
04ff0102
040003fd
00fe03fc
0202feff
feff01ff
0202fd04
010302fe
fd0003fd
0300feff
fffe0103
01ff00fd
fdff0204
02030103
fe01fcfc
000303fe
ffff0404
00fefe00
00feff01
fcfd0003
0303fd01
02fcfc04
000002fc
02fcff03
02fdfdfe
ff010404
ff04fe04
0103fc00
01020202
fd02fc00
fd010401
fffc0403
03010304
fe040404
fcfdff04
ff03fc01
fe040300
fd04fefe
03020104
0003fefe
02ff0001
03040404
fcfd00fc
04020002
fd04fffe
fe030101
ff030204
fcff02fd
ff010204
ff0401fe
04040102
0201fdfc
fcff0300
03fd0000
000402ff
03fe0101
fc03fd04
fc030204
fc04fc01
0404fe04
fd040004
fd000400
ff000304
0200fc01
fd04fe01
fcfe00fe
03fdfc03
04fe0103
fd04fcfe
fcfe02fe
03000401
fefcfd01
feff04fe
03fdfc01
0201fc03
02feff00
fe02fd03
feff0102
04fd0004
fc04fe04
fdfdfe02
fefcfdfe
ff020202
fe000002
fc020402
fcfd0201
fd03fe03
000001ff
00ffff01
03fc0201
04fcfdfe
fdff00fc
0400ff03
03ff00ff
fc04fffc
fefcfcfe
01fdfefc
01000004
fefcfcfe
00000301
fdfcfd01
fffffc03
0101fcfe
04000202
040304fd
0100fefc
fffcfe01
04fd0104
ff0003fd
03fdfdfc
02fffd02
03fffefc
0000fd00
02fcff04
fc03fc04
00020200
fc01fdfd
fc0301ff
03020002
ff01fd00
010400fd
ff01fd00
fc010103
fdfefcfc
03020004
feff02fd
fdfc04fc
fd04ff04
0203fcfc
00fd0403
0202fe02
0102fd01
fd000000
0204fc01
04fd02ff
01fe0100
fcfc0300
fd0203ff
fe03fefe
0401fefd
0302fcfc
fe03ff02
fd02fe00
fd030304
03fffdfc
04030000
0004fd03
fcfdfdfe
fe03fc01
0200fefe
00fcfefc
0002fdfc
03fdff03
02030004
fd020000
020302fd
010103ff
fdfe0401
fcfe02ff
04fc0200
0201fe02
03fffefc
0304fe02
0402fdfe
fc010004
00fe0204
fffd0202
fdfe0200
00fdfffd
fdff02fc
02fcfc01
fefdfc03
ff02fe02
fd04fe02
03fd03fe
01fe04fe
030404fd
ff030400
04030303
fdfd0304
ff00fd00
fdfc0201
fefe0104
fffc0303
02ff02fc
0203fefe
03fd0201
0303fefc
fd000203
00fffe00
030404fd
fffd0003
03020200
0101fd02
fe04ff02
fefffe01
0100fc02
ff01fcfe
fd000204
02fefe00
03ff0003
0402fe01
ff01fefd
02fc0202
01ff0404
00030002
01fd04fe
fd01fefc
000401fc
fcfd0402
fd03fe01
fc0304fc
02fffcff
fefd0101
04fc0304
0000fd01
010202ff
fd00fd03
fffc0303
04020203
fc020403
fc010403
01fd01fe
fe02fefc
fe0002ff
000201ff
01030400
fc02fffe
fcfcfd00
01fcff04
0203fdfe
02fffffe
02ff0401
0304fffc
00fd03fd
0101fcfe
fc0403fe
fc04fd01
04fc04fd
00030104
0001fd00
ff01fefd
fefcfe03
02fffeff
fe02fcfc
fe01fe03
01ff0202
fc00ff02
01ff02fd
02010401
00fc0204
fe0100ff
0201fffc
fdfc03fe
fdfffcfc
fd0301fe
fdffff04
02000300
0403fc01
0003fc04
fcfc00fc
fd00fd04
fd00fc04
0200ff01
02ff02fd
0100fc01
01fcfc01
ff0403fe
fe0001fd
fc04ff01
fcfdfefe
0200fd04
0404ff04
03000204
040004ff
fffe0000
01fc0402
fefc00fc
fefffeff
0202fd00
01fffc00
01fffd04
03fffcfd
00fcfdfe
0203fcfe
040300fd
0404fefc
fffe03ff
04fd0303
fdfd0001
ff0000fc
04fdfefe
fcfc0202
fd0400fc
00030301
000103fc
020403fc
010003ff
fefcfcfe
fffe0204
fcfd0201
02fcfefc
fdfd0203
010000ff
02010302
fefcfcff
0100ff02
03fe0401
00000401
fd00fffe
01fe02fc
fefe04ff
0404fc04
fd0203fe
fdff00ff
0302fc00
03fe04fc
fefc03fc
020200fe
03ffff01
0100ff02
02000402
fefe0300
fcfd0201
fc030403
03fc0203
ffff04fe
0102fe01
01feff01
0301ff00
fffe0103
020000fe
02040200
fe000103
03fcfffd
04fc0400
fe040002
03fd04fd
ff01fe02
01fc02fc
00fcfcff
04fd0102
fc04fd04
00fcff01
fefffc02
0302fcff
fdfffeff
fe000103
03fe0101
fe00fe04
03fefefd
04000001
0204fc02
0400ff00
00ff0202
02fdfc04
fcfd0301
0001fffc
fd0201fe
02fc01fd
fc02fffd
030404fe
03fe0101
0403fdfc
fefc02fc
ff000401
fffdfefe
ffff0202
04000401
fc00fdfe
fdfefc02
020402fc
040404fe
0201fcfc
02fefeff
fd0002fd
02ff02fd
ff00fd01
03010201
00020400
ff04fdfc
fe040003
fdff02ff
040201fd
01fdfefd
fdfe0204
fefdfefe
00fcffff
0100fffc
fffc03fe
fd040400
fe0200ff
fd0202ff
020101fe
030204ff
01fc0101
03fefdfc
04000202
0204fcfd
fc020303
fcfffdfd
fe020004
04ff0100
fe0403fc
fc01fd02
fd02fc00
0403fcfc
04000402
ff00fdff
fcff00ff
fdfdfeff
03fd02fe
04fd01fe
02040000
fefc0102
fefe0402
0301fefd
04feff01
020102fd
ff04fe00
0101ff02
fc000203
03fffdfe
03000200
fc000000
ff04fdfe
fc0102fe
0200fefc
0103fe03
fc040204
fe01fdfd
0002fc01
02010302
04fdfefd
0003fd02
03feff02
fd040102
fcfd00fc
fefc0301
0403ff00
01fc04fd
fefd0202
00020004
01fdfeff
fcff0102
00fdfffc
04fe00ff
03030004
ff020402
fdfefeff
03000403
fffffcfd
fd0101fd
fd04ff01
fe01fefc
ff01ff00
02ff0404
fdfdfc00
01fffc04
0001fe01
fcfc01fd
fcfc0004
0002fd00
fcff0302
fd000301
03fc02ff
0100fefc
fefd0302
00fefc01
0200fc02
030200fc
02fd0300
ff040302
fd030200
0204ff02
fcffffff
fefcfe01
fefdfdff
01fc0001
00fefffe
fc0202fd
0202fdfe
fefcfefc
fe02fd00
fc04fefd
01fc0300
01fc0100
0100fe02
ff03ffff
03fffefd
fe01ff02
02fc0300
04fefe04
fcfffe04
040302fe
0101fd04
0200fffc
fefffcfe
0100fffc
03000102
00fdfe00
0401ff00
0002fefe
fc0003fe
02fffe03
03040301
00fffe03
02fffdfc
fefd0403
0400fd01
fffe0204
0401fefe
ff00fe04
01fd0204
040204fc
fdfc0200
03030302
00ff00ff
040403fc
0401fd01
fc030101
ff010201
ff00fd02
0000ff04
fefe0104
01fdfe00
040001ff
03010301
00000303
03ff0102
fc02fefc
0403fdfe
ff04fdfc
02fcfc03
01fd03fe
030003fe
ff000404
00fc0403
0004ff00
fcfefdfc
02fdfefc
000104fd
fc0004fe
0300fdff
01fe0303
0102feff
fc03fe00
fd03fd00
fcfefc03
02030103
010103fe
fe0201ff
ff0201fe
02fdfefc
ff010403
0401ffff
ff03fcff
02030201
fe03fc01
fefdfcff
fffe0304
fdfc0101
fffdfd03
0004fe01
04020101
01fd02fc
ff01fffe
fdfdfcff
02fe0201
fcfc0100
fd01fd01
fdfe0102
fcfd0101
0103fcfe
fc01fffe
0404fe00
00fd00ff
030000fe
02010201
03fd0001
03030403
04ff02fe
03ff0402
00fffdfd
fdfd0202
020402fc
fffcff04
fcfd0301
0400fcfd
04020404
04fe0103
fdfd0303
fffffe01
03fffefd
03030400
01fcfc00
fcfd04fc
fc000301
fe02fefd
fefcfe03
01feff03
0203ff02
03fcfeff
fe000301
04fe01fc
fffefdfe
0303fc01
fefd04ff
ff010203
030300fd
0103fd02
00feff01
010204ff
000001fe
04000002
0002fe03
00fd0201
fc02ff02
04fc0003
fcfd0204
ff000300
04fcfe02
04ff01fd
0400ff01
fd010301
fd0202fc
ff03fe03
010202fd
fd040301
01020300
00fc0002
03fc03fd
02ff0200
ff0303fe
fffd00fc
fcfefe01
03fefefd
ff0102fc
fe01ff02
01fe01ff
04000304
04040402
02010302
fd030000
04ffff04
0304fe00
01040101
0103fffe
02ff01fc
01020001
fe040001
fc010002
fefefcfe
02fdfcfd
fc04feff
feff0104
fd020104
fefc0400
ff0403fe
fefc04fe
00fffc02
fcfeff04
fcfefc03
02fe00fe
fefcfc02
fd040003
fc0402ff
0000fe04
fc04fc03
fc00fe01
fe030004
00fe0300
04fe02fd
fe0001ff
04010301
fefe01fc
0200fdfc
fc04ff03
04020203
03fc0004
fdfefc02
030100fe
fffd0203
ff00ff03
04fd00ff
00010300
fcfc0404
fe020400
04fe0100
feff0201
fffcfcfc
03010403
000404fd
0200fe00
fefdfe01
0300fc04
fc02fe04
03ff00fd
fc010403
04fc04fd
010401fd
000400fe
0404fdfc
fc00ff01
fdff0102
0304fdfd
0302fdfe
fc02fd03
01fe02fd
fffefc02
0001fefd
fcfd01fe
fffefffe
01fe0000
030401fd
03000203
fd010004
02fc0102
0102fe04
fcfe0302
0202fc02
ff01ff00
fdfe03fc
0301feff
fefeff02
fd000204
0204fd00
03fcfd00
fdfc0100
0000fc04
fc0101fc
0200fdfc
fffefefc
00fd01fe
00fc0201
02fffc02
00fc0402
00fc03fd
ffff0100
04fefc00
0403fc02
fe00fe04
fffc0301
020003fd
04fdff02
0301fc01
fefc00fe
fe0300fd
fefefc04
fd020101
00fffffe
02fe0204
fc02fc03
0402fcff
0402ff02
0201fe02
fdfc0200
00fe03fe
fdfffdfe
fcfe03fc
fe02fefc
0201fdfd
0302fd03
fd0200ff
03fffdff
0302fffe
fe04fe04
00fffffd
020304fd
01fc0002
fe04fdff
fc020402
0401fd01
03fefe02
fe0204fc
000301fd
fe02fc01
fffefc01
feff0300
01fffdfc
fe02fe04
fe04fc03
fd040102
fc040203
00020304
0104fc00
0302fd03
01fcfcfc
ff020101
0403fc03
fffc03ff
01030003
000000ff
fd04fc02
0400fc03
ff01ff00
fefd03ff
fe0202fc
03ff03fd
fefefdff
02000304
fffcfc01
02fdfcfc
fd0200fe
fd0300fe
fd04ff01
03fc01fd
04fcfe03
0302fefc
02fc03fd
000001fc
00030004
0202ff02
fc02ff04
01fc0402
02040403
03000201
02fd0004
04fd04ff
fffc0401
04000000
fcfefdfe
fefd0401
03fd04fc
fc030002
00ffff03
02000102
fefd00fd
03fc02ff
fffc0404
04fd0201
0401fffe
030003ff
00010303
0303ff04
0301fcfe
fe010301
ff020203
fd04fcff
02030202
0103fc00
ff0202fe
fefffe01
00000400
fd00ffff
02fdff04
fc040302
01fcfc02
fe04fefe
04010004
00fc0202
ff01feff
03ff0404
00030101
0100fe01
04000001
00fefe00
02fe0204
00000301
fc04fe02
03fdfe01
010100fe
04fe0103
00000201
00030103
0203fe04
fdfdff03
03010404
00ff04fc
00000403
03fd02fc
fcfeff01
ffff02fc
0002fe02
fffe04fc
0203fefd
fffc0203
01fefc01
fe0103ff
04010003
0402fdfe
fc0200fc
fdfc02fe
00fd0304
010004fc
fffdfd02
ff03fdff
04fffc01
0303fc04
0400fd02
fcfffcfc
fc02fcff
0203fdfc
01000403
04fdfe02
fcfffc03
fd010101
04fefefd
0202fd01
fc01fc00
04030403
0003ff01
000001fd
fcfdfdfe
03030401
0400fd02
03ff0403
fe030003
0300fcfe
ff04fdfd
fefe02fd
00fd03ff
01020104
fc030003
04fc0002
fd040400
03020204
fd0000fc
fffdfcfc
030300ff
01010304
02fe0300
fe000402
ffffff00
030301fc
020200fd
0003ff00
0203fe02
010101fe
00fd04fe
fffefd02
0402ff01
020403fe
fffffcfd
fd030404
01fdfe01
fc00fe02
02fffdfc
0002fc04
030003fe
fefefcfe
02fcfcfc
01010404
00fdfd01
0303fcfe
0200fffd
fefe02fc
fc02feff
fcfcfcfc
fcfdfefe
fcfffdfe
fdfdfc00
00fefefd
010200fc
020201fd
0300fdfe
fefffefc
fdff0404
04fe0402
01020300
00fefd02
0001fc00
03fcfdfe
fe0404fc
0303ff00
fe0104fe
fd0101fe
02ff04fe
fffe00ff
0403fe02
fe030001
fefd03fd
fc0104fd
02010204
01fd0402
04fffe03
000402fe
ff040300
0104fdfd
fd04feff
0002fefe
04fefcfd
00fefc03
01fe0401
0003fd00
01030200
02fc0402
fdfdfdfe
fefefdfc
0002fd03
ff040303
04fe0000
03fcfdfe
01fc0003
fdfdfdfc
fdfcfffc
0000fefc
fffdfe04
fffd02fd
fe0401fd
fe01fefc
fd02fffd
01fffc01
fefd0101
0102ff03
ff04fcfe
01fdff03
fcfdff00
fcfefc01
fe01fffe
fefffcfd
0200fd03
0001fe00
04000100
03030403
ff03fffe
02030001
04040200
fe0403fe
0302fd04
0003fcfc
03fdfcfd
0303fcfc
fcfe02fd
fd02fcfd
fffefffd
03fcfdfd
04fefc01
01fc03fc
fefe03fd
ff04fdfc
fe04fc01
fcfcfd01
03030403
04010302
02fffefd
0000fefc
ff01fefd
fe0102fd
00ff03fd
fcfdfcff
01fc0100
04fd00fe
01fd0303
ff01fe04
02020201
fe010202
04fffcff
fc03feff
010101fc
00fc0401
04fdfe04
03030303
fc02fd04
01030003
fd01ff00
fcff04fd
020201fe
0100fffd
fc010004
03fe0000
fd02ffff
0400fd00
fc010000
0403ff03
0002fc00
0302ff02
03010403
00020403
fdfffdfc
03040001
0101fdfc
ff0102fe
fe010003
fd01fd01
ff0000fc
0004ff03
0103fd04
0201fdfe
02040401
02030400
fe04ff02
fd0300fc
fe010301
0404ff01
04040003
ff03ff02
04fdfffc
0202fe00
fcfefe04
01fffffc
fd0001ff
fe020202
fe000400
fcfe0201
04fefdfe
fefffd01
fcfd03fc
fcfffffd
02fdfcfd
fd04fcfd
02010203
02fe0401
00010303
0003fe03
000103fd
03fcfeff
04010400
03fe0102
fd01fc03
010201fd
fefd02fe
fd000202
0404fcfe
ff04fc02
00fc0401
02fc0304
fffc0103
02fdfd02
fd00fcfe
030001fc
00fefd03
02ff0102
fcfcfefd
01000400
fefd03fd
fc03fe01
01fffd01
02fdfeff
04fc04fe
fc030003
0404fe00
0202ff03
04fe00fd
02ff03fd
02fe04fe
fcff0100
00fc00fd
010203fd
fcfffe01
0300ff02
040201ff
02fcfffc
fefcfd04
040403fe
fd000101
00fefe04
0001fffe
0303fc01
fefeff00
000000ff
00fffd02
fc02ff03
fe000202
01fd00fd
fcfc03ff
02fd0402
fe01fd01
fc030301
04fd00fd
ff030003
fdfd01fc
03010200
03fe0404
fe0201fd
03ff0404
fdfefffe
fc01ff03
0002fefc
040101fe
010002ff
02fc0402
fefcfc01
fffffd04
000004fd
0203fdfc
0301fc00
020200fd
01fd0201
fd04fd02
030000fe
fd010102
04fcfffe
fd03fcfc
03030103
0403fc01
fffdff03
fd04fc01
fffe0104
fcfe02ff
0304fefd
fd030000
0400fc00
fe0301ff
01fdfffc
0402fe00
02fcff01
0104fefe
fcfd01fe
03fcfefe
030002ff
fd0104fe
04030303
0001fd03
fffcfffc
0303fefd
04fffdff
00fd03fe
ffff0201
02020103
0200fd00
03fd0404
ff020104
0404fffd
03ff03fe
03fffc04
02fc01fd
01020204
fe02fcff
fcfcff04
fe00fdfe
fcfdff00
fc0003ff
01fffdfe
fcfcfe04
fe000000
000103ff
0203fc02
04010300
fe03fe03
fd02fc01
fc020301
fc00fd02
fc040304
01fe01fe
fe030402
00040302
fcfffffe
fdfffe01
04fffdfc
ffff00ff
02fcfefd
03ff00ff
ff02fc00
fffd0301
03fefcfe
03fc0401
04fc0103
01ff00fc
ffff02ff
00fdfd03
000101fd
ff00fc03
fe01fcfd
fdfd0102
fd020103
ff01fe02
fc00fc02
0100fc02
020302ff
040004fd
fd01fffe
0304fefd
0200fcfe
04fd0004
fe04fdfd
030402ff
fcfffe03
fffd0204
03fe0403
0300fdff
02ff00fc
0100fd00
0200fcfe
03fdfe02
fe04fcff
00ff03fd
010404fc
02030001
fe03fcfe
03fcfcfe
04fd0202
04fe0304
02040102
0404fcff
fc0300ff
02fc0302
ff00ff00
fffe00fd
030300fe
010201fc
0001fcff
fffc0301
03fc00ff
fffdfcfd
030202fc
fefefdfd
000202fc
0104fdfc
02fc04fd
04fefe01
04000004
0104fcfc
fcff0404
03fd03fc
02fdff02
0004fd01
02010400
feff0202
03010004
02fc00fd
fc040202
ffff02fc
0403fefc
01ff00ff
fdfc02fe
040003fe
0202fffe
fcff0402
fdfe0100
02000400
ff020203
ff040300
01030303
00ffff00
0302fffd
fefe04fe
03fcfffd
01fd03fc
020101ff
04fffcfe
fc040002
04010002
fc0104fe
fd01fd04
00030304
01ff0201
0103fcfd
0302fc04
fc00fe01
04fefd00
00030301
fc0201ff
0000fe00
fc0204fe
01020302
0402ffff
0202fd00
ff0402ff
02fdfeff
fdfefe03
0403ffff
00ff00fc
03fefcff
fe0203fe
03fe0200
00020402
00010001
0204fefd
fc020300
fc04fdfd
010303fd
fdfefd02
03ff01fc
fc040402
0001fcfc
ffff0400
0200fe03
00fe03fd
0301fe02
ff010401
03fe0203
fe03fd03
04fd01ff
030401fd
04040001
fe0300fd
fd0000fc
fd0000fd
0301fffe
00fcff02
02fe03fd
00ff00fe
0300fe02
02ff0100
0404fdff
000002fd
0204ff00
fd00fcff
03fefefd
02fffc00
03fd0101
0302ff03
00fe03fd
0000fcfc
fefc0403
fe03ff04
02fd01ff
02feff00
fefe04fd
02fd0004
02fffcfd
fdfdfdff
ff0204fd
fe0303ff
00ffffff
02010300
fe030104
02fd04ff
fffdfd02
010404fd
0304fcfd
fcfdfc01
02030403
fc010004
01020004
fd0400ff
01fdfcfe
04fefe02
000303ff
03fffc02
010402fc
fffe0000
fc02ff00
fc01ff03
00000404
0402fcfe
03000102
fd03fe01
fcfd0200
fefffffd
fe01fffd
fffcfcfc
fffc0401
00fe0003
fc03fe03
04020000
03fd0003
02ff0302
04fdff02
0102ffff
030100fd
0402fefd
0204ff03
03fffe02
02ff01fd
02fffefd
03fffffc
0204fefc
fcfc0303
0304fe02
04ff02fe
fffe0100
fd040102
01030404
01040200
04ff0101
fe04feff
010004fc
fc01fc03
fd0402fd
03020001
fe010403
01fdfc01
fdfe01fc
fdfc0100
010201fd
fffdfcff
00fd02fc
0201fcfd
03040301
fc020204
02ff04fc
fd04fffd
04fefd03
020102fd
0404fd01
04fdff00
02fd0004
feff0202
030404fc
030103fd
00010202
fffc03fe
02fe0303
fcff03fd
020404ff
fffe01fd
010001fd
fe030401
00fefefc
ff010300
020304fc
0002fdfc
00030103
03fefeff
04fe0000
0101feff
03fdfd01
04fc0302
fefd02ff
fc010301
fcfdfefd
03fdfe01
04020304
0103fd01
02fdfe04
fefefdfc
ff02fdff
02fcfc01
fcff0101
0300fefd
0104fcfe
fc000103
fc04fe02
00010003
04040203
fffc0101
03fcfd01
fefe00fd
02fe03fc
04fcfe01
fefc0401
fcfcfcff
0201fc04
0100fdfc
fcfe0400
fdfc0404
fd0303fe
00ff00fe
0100fe00
0200fcfd
0101fd02
fd000001
04fe02fe
0203fe04
fdfefc02
ff03fdfc
0302fefe
fffffc04
03040103
fffdfe03
fcfd0301
0000fffe
03fd0301
01fe00fd
010000fe
fd040202
fd0000ff
01fcfefd
00fffd01
fd030204
ff01fffd
01fefc03
01fefefc
03fd0103
020304ff
0102fc03
fffc0004
04fe0002
ff03fdfc
fcfefe02
ff00fe04
03fd0002
fcfd0303
fcfc0303
fd0000ff
fdfe0103
fd0203fc
fefdfe01
0001fefd
04ff0202
03ff03fd
03fcfcfc
04fc0103
fc000001
0102fe01
0201ff02
03fc0100
04fd04fe
0103ff00
030202fc
0203fcfe
fe03fefe
04fc0103
fcfc00fd
00fffd04
01fe01fd
fc030404
01fe0202
fc0103ff
fe020302
ff02fe00
fffffd02
fefffd03
02fc0400
fd040403
fdff0103
02fd0001
fe0203fc
02fc0004
03000301
fdfdfffd
00fe02fd
fd0001fd
0403fc02
fefcfcfe
02fdff00
03040102
04fd0304
01ff0301
030402ff
fdfdfffe
01000001
fefd04ff
fe000100
040201ff
fe030203
ff00feff
fdfdff02
00fc0403
0200fe01
00fcfc01
01fffeff
fffdfc03
feff0404
0402fcfe
0400fc03
02010300
ffff0001
fd010304
01fc04fe
0203fcff
0304fd02
02030203
ff030101
040300fe
01fc0000
04fffffc
fe04fc02
ff00fd00
020100ff
fffdfffd
02040200
04fc02fe
03fd0004
0102fd00
01fd02ff
fcfd0402
0304ff02
000404ff
000004ff
fcff0300
01fc03fd
fdfd0201
fc0204fc
fefe0202
fc04fcfc
03fe04fe
040300fe
fd0401fe
fdfc01fd
fcfdfcfd
03000401
ff030400
fdfd0403
01ff0300
0203fe04
02fdfd03
0401ffff
00fd0103
01ffff03
ff02fdff
fefefe04
fe04ff03
02040304
03fd0100
ffff0303
04ff04fd
fdff02fd
0100feff
fffffffd
04010202
01030201
02fd0203
03000403
fffd0104
ff04ff02
fd04ffff
0301fdfd
00fe0102
fcfcfc03
fd03fc00
0002ffff
fc0404fd
fd02ff02
fc04fd03
fdfd0001
0002ff00
000200fc
fefdfd03
01fe0203
02fc02fc
0403fe03
01fe0202
fe040303
040003fd
fd00fefd
03fc0203
0401ffff
00fd0001
fffc0403
020104fc
04fe0403
03ff0401
01ff0101
fd02fc02
0003fefe
fe000403
04010101
fcfd0404
00fffffe
feff01fd
fd01fcfc
fdff0403
fd000002
fefffe01
fdff0004
fcfe00fe
00fefd01
03fefe04
010303fd
fd020402
030104fd
fefe03fc
fefefd02
03fffcfe
010000fc
0103fdfe
fc000201
fc00ffff
0302ffff
fd010304
0301ff03
0203fffd
03030404
030003fd
04fdfd04
01fc0300
00fe04ff
00fffe03
fe0100ff
0302fdff
01fdfd02
0303fe00
fc0403fd
fd0304fe
010301fd
020003ff
fc0403fc
0004fffd
ff00fe04
000002fe
ff03fffd
fd0002fd
0002fdff
04fd0102
fc0301fd
04010201
fd040203
0004fefc
02030401
ff00ffff
0104fefe
fffc00ff
010304fd
fffc0102
000401fc
03ff02fd
0001fcfd
01000004
02010200
fc0104fd
0001fcff
fcffff01
01fdfdff
fc030304
000104fe
03000400
fdfc03fe
fe000200
fd010203
0301fe01
fe04fd02
01fefe04
02ffff00
04020400
01fcfd03
ff030302
0004fe02
04fcfcff
04fd02fd
0104fefd
fc020201
0303ff03
fdfd0203
0200fdfd
ff040403
ff030403
fdfc0201
0000fdfd
fc02fe00
00000101
fefc0301
01fc00fc
fdfd01fd
0404fdff
000104fc
03ff02ff
fffe0003
ff0402ff
04030201
00fd0301
ff04fffc
04fcffff
00fe0303
02ff04fe
0201fd02
03fc0401
ffff00fe
00fe03fc
ff010004
fc0302fd
04ff0203
020400fd
02fc0004
fcfcfe03
03fc0202
000004fc
fefcfdff
feff02fe
04ff00fc
fc03fd00
ff0201fc
01ff02fe
fc020300
0402fc03
010004fc
0104fefd
fe00fffc
fd00fcfd
020104fd
ff0400fc
00fd0401
0300fcfe
fffcfe02
03fdfc02
010104fc
fd0402fd
030300fc
0202ff00
020304fd
03fe04ff
0201fd02
0301feff
ff010402
00fe0002
0200ffff
04fefdff
fd02fcfe
0301fd00
fc010101
01fc02fd
01020001
fcfcfc03
0202fefc
fc0003ff
02fc0102
030104fc
fffefdff
fffdfdff
04fd02fc
fd020404
02fffffc
01000001
fffefd00
00ff0404
fc01fe04
01fe02fc
02fd0102
fcfe0201
040201ff
fc01fdff
0004fd02
fd01fe02
fcfdfeff
0203ff03
00fc0003
0402fdfc
00ff02fc
04fcfe00
040100fe
03fdfffe
030202fe
fe01fdff
02fefdfd
fd000101
04fd0302
01000301
ff040400
03fefcfc
04010304
fdff0401
fc01fc00
020204ff
fc04fdff
fd03fffe
01010000
020403fd
03fffcfd
0001feff
fffdfffd
fffc0402
fe0302fc
0200fc00
0204fd01
fd00fffd
0201ff00
ffffff03
03fe0303
fefcff00
00ffffff
fe040303
0003fd02
0102ff02
00030304
0303fdfc
0102ff04
ff00fc04
04fc0204
ff00fc01
02fffe00
ff040202
000100fc
01ffff00
fc04fffe
01fefefc
020203fd
02fcfe03
00020404
fe04fe03
fffc0104
01030203
0400fcfe
fc0204fe
0102fe03
fd020002
fd0100fd
fffd0301
00fe0303
04030203
fcfe04fc
01fd0102
01fd0401
04fc01fe
02fcfcfc
03fdfcfe
00030201
0001fd02
02fd0203
fe010402
00fcfd01
00fc0102
00fc0102
ff00fd00
0103fdfd
02010403
ff030001
02010302
fcff03fe
fdfc01fe
000100fc
01fd02ff
fffc0401
04fdfc02
fdfdfc04
fdff0404
fdfcfcfc
fd04feff
fcfc0203
0304fcfd
0302ff04
02fefe03
0101fc00
00fdfc01
0003fc02
ff0404fd
00040203
fcff0404
fe04fc02
00fcfe02
0204fc02
00fe0402
02ff0301
02040304
04fe01fe
fefffe04
04fefe02
fc0002fe
0403fc01
0004fc04
03fcfd03
0301fd02
fcfefffe
030302fc
fffd00fe
0203fc04
fc0100fe
00fd0001
02ff0102
02fd0401
ffff00ff
fd04feff
020004fd
01fefffe
ff03ff04
ff020204
fd0304fc
02010301
02ff0102
fcfefe02
fcfefe00
020001fc
03fc03fd
fcfffcff
fcfc0302
01000403
0303fd00
fd0002ff
01fefdfe
03fdfcfd
03fd0202
ff03fd04
fe0102ff
0300ff03
fdfc0000
feff0303
fdfe04fe
0401fdff
040300fe
0000fefc
04ff0004
ff000301
ff0302ff
00ff01fe
fffffefd
0404fdfd
03000304
fefc0404
fcfc03fc
fffd03fc
0004ff00
fc0204fd
0303fdfc
010100fd
02fdfffe
fdfefd02
fe02fc01
00fffe01
fdfcff03
01fdfdff
fc030003
ff0400fd
02fdfe01
ff04ffff
02fcfdfe
030402fc
fe010002
fd03fe04
ff0102fd
fefd04fd
fdfe0303
fcff04fd
fc030002
0403fd02
02010203
02000402
04040003
01fefe03
04fe00ff
0401fffd
fffffcfd
fcfcfe02
fe03fe03
0203ff02
fc040402
020203fe
0402ff01
0304fcfe
ff0401fd
0200fffc
00fc00fd
02fefdfd
fdfc04fc
0301fcfd
02000402
02fd0203
ff0104ff
0002fcff
fc0102fc
010102fd
0402ff04
04ff0203
fcfe0302
fffcffff
02fcff03
ff0201fd
ff04fcfd
fdfc0004
04fefcfd
ff0004fc
02fe04fd
fcfdfd04
fcfc0404
ffff03fd
02ff0400
00020100
fffc00fe
fdfd04fd
fffcfefe
fdfcfe04
04fd04ff
00fcfefe
fcfc0002
01fe0103
0302fe00
000004fe
fffd0204
00fefc04
02ff0303
fcfffdfd
0100fffd
02fc0402
01fd0001
fffffcfc
ff01fcfe
0401fd03
fffc01fe
04010204
040103fd
fcfcfe00
01fcfdfe
fdfdfcff
02ff0001
01feff02
fcfc02fd
ff01fdff
fe040204
04010001
030403fd
fffe04fd
010200ff
02fe0401
0301fc00
02fd0303
fefffc00
fe04fc01
fe0103fe
fefd02ff
fffe03ff
00fd00fd
03000002
04fefc02
0102fe00
ff0301fc
fdfc0004
04fe0301
ff0302fc
00fffffe
04020102
fdfdfdfd
fffc0302
00fcff03
fc03fffd
ff040304
020303fd
03fc0102
ff000303
ff00ff04
020403fe
fe03fe02
02010202
fdff0102
fefefd01
fdfcfcfd
0001fffd
fe0101fc
04020202
fcfdfeff
fc040200
fe03fd04
0200ff00
fefe0201
02ff0001
030004fe
04ff03ff
fcfdfcfe
fcfdfc02
ff020004
fd02feff
ff00fd03
fffc0402
fefcfe01
fe02fe02
000300fe
0201ff04
fc04fcfe
0404fcfd
00000002
0303fcfd
020404fc
ff0203fc
020002fe
04fd02fe
fc010200
ff04ff01
03020004
00fefefd
fcfe00fc
fe01fd02
04010102
ff00feff
04fe0204
04010300
01fffcfd
ff0101fe
010402fe
04fe0304
ff0300fc
00000300
fe020202
030104ff
01000301
fdffff03
fe00feff
02feff04
01fdfdfe
fd0202fe
000104fc
04fdfcfd
00ff0204
02fe0201
ff00fe00
fefefdfc
fd01ffff
04020004
0201fc02
01ff0000
ff020101
03fdfd00
04fe0103
02fcfd03
fc00fd02
01000004
fd00fd00
fffd0300
04fffffd
0101fffd
02ff0202
fe0400fe
0002fdfc
fd01fe03
ff010204
fe0103fe
fd02ff00
02fefefc
fc000000
0101fe02
fcff0003
00040003
03ff0404
fc010001
01ff0403
fc020404
fffe03fe
0102fe00
0204fe01
ffff0002
020402fc
fefc0201
fd04feff
0004fe01
00fc04fe
01010303
fefe0301
0000ff02
0100fcfc
feff0302
fdff00fe
fd040201
fc03fcfe
ff000400
0000fffc
fe02fc01
ff0001fe
00fefcff
fcfc0201
fc0202fe
fdfc0001
fefdfefc
04fc02fe
04020403
fefd03fd
0101fe01
ff01fd02
0101fcff
02020402
01030100
00020204
fdfffc03
01010104
02fcfcfd
0300fc00
fe010401
00fd04fd
0001fffe
03fd03fc
fefd01fc
fc01fc03
fc04ff02
03010400
00ff0204
02fd0403
03fe04fc
03030401
02010201
fdfc02fd
fc01fe01
04fc0001
ff010302
fcfd0003
02fe0202
fe03fcfc
01010303
00ff0202
fefc0301
01fe00ff
00ffff04
04fcfd00
0004fefe
0002ff00
00040403
02fe0100
00fefcff
010300fc
04fd0001
fdfe0002
fd000100
00fd0404
fc010303
ff02ff00
ff0300fc
000003fd
fcfc04ff
04ff00fe
fd02ff02
04020102
00fe03fc
ff02fdfe
03fc04fe
02fdfefe
fd040000
fe020403
fd02fcff
fe030403
fe02fe00
00ff00fe
0100fe02
0402fefc
fefe03ff
01fdfc00
0402fefe
fcfefd02
0303fc03
01ff01ff
0401ff01
01ff0104
010301fc
fc02fefd
fefffc03
02000303
01fe0004
04040302
02fefdfc
fffd0000
fffc0203
00fdfefd
ff030400
fcfe0302
fc030403
04020300
020302fe
fcff0404
fc010201
03010301
fffdfdfc
fe030001
fdfefd01
fdfd0101
fcfcff01
03fe0203
ff03fe00
00020000
02fe0200
fefcfefc
fefefd03
02fffd01
0101ff02
fd0004ff
fe01fe00
000101fe
0103fc00
fd0102fd
00fd0004
fffcfc00
02020302
0401ff01
010100fe
fdfdff04
fcfcfc04
fffc02fd
ff0301ff
fe0402ff
fe00fd00
fd02fe04
00fc04fc
03fe04fc
01000304
03fcff02
fffcff03
fe02fffc
fffe0000
fcfe01fc
03fdfffd
fc02fffc
01fd03fc
ff03ff03
fd03fefe
fdffff04
00fcfe03
fdff04ff
04fcfc01
01020004
fcfc0300
fd0004ff
fdfefefd
01fdfdff
fd00fc04
02fc0301
02010404
030401ff
01fe04fe
fffdfe03
020400fe
0203fffd
fffefc04
fc03fdfd
feff0002
01ffff04
0003ff03
04030201
040002ff
02fffeff
02fd02fd
0102fe04
0002fd02
030202ff
fd0402fc
03fffffd
00fd0101
fffc01fd
01fd0300
02fc0202
fd000400
fc030002
ff040100
fefffd00
01ff04fd
0103ffff
fe03fc01
fd040304
01fdfdfe
fe00fcfe
fefdfd03
00fe0301
fe000002
ff000002
020004fd
04030404
01fd0400
fc000103
0202fe03
04fd0303
000203ff
fe02fe02
04fe0001
0203fefc
fc02ff01
010101fd
04ff0202
00fdffff
fe0104fc
fd01fe02
02fefe01
ff0003fc
fd0103fe
030203fe
04fffc00
030101fe
fffc0301
03ff0400
fe01fdfd
04fffe04
fe010300
0201fcfd
fe030304
fefdfe00
ff03ff04
ff0402fe
04fe0201
ffffff02
00010400
fcfe0201
04fe0401
fe00fd03
0100fdfc
fdfdfd00
02fffe04
03fc0100
04ff01fe
fd010304
fdfc0403
fefe04fe
fd0302fc
0401fcfd
fffefefd
ff0401ff
0103ff00
04fd0403
04000102
ff03ff04
0103fefd
ffff00fe
ff0302fd
fc040404
0404fefd
fdfeff02
0401ffff
ff0402ff
03fd0202
fd0200ff
0200fd02
03fdfd00
04ff0303
040200ff
0403fd01
0000ff04
03020000
01fe0402
01fcfefd
fe030002
ff040301
fc04fe01
fefcfd04
fcff03fe
fffc0302
00fcfd00
ff0204fe
ffff0102
0103fdff
00fdfdfd
03fd0401
00fefe02
ff0203fc
ff0204fc
0001fffc
000200fd
fc04ff03
ff03fdfd
0302fe02
fcfc0103
03fffc01
0203fffc
fe0101fe
00fcfd04
0200ff00
fdfdfc01
fc02fe01
01010204
ff0204ff
00fcfc02
fcff02fc
0100ff03
000101fe
fc0303fd
fdfefc02
ff00fd02
fcfe0201
0001ffff
fffc01fe
ff0203ff
010201fc
02feff02
02fcfffe
fcfc0400
0300fe03
fdfe03ff
03000300
0402fc03
fd01fc01
00fcfd00
02010204
fc03fd02
fe030201
03fc04fc
fdfc00fc
02fe0001
01fffe01
fffdff00
ff0401fd
02fefcff
fe030404
02040004
fdff0404
fc0401fc
fc01ff02
ffff0204
00fd01fe
fd04fffe
0102fd03
000101fe
ff02ff00
fd0200fc
00ff04fe
fffefefc
fefdfc04
fd02fdfe
000401ff
ff0201ff
0002fc00
0404fd03
fe020302
040204fd
0200fd04
02fe0100
04ffff03
fd000400
fefdfcfc
fefffffd
fd00feff
fc04fcfd
040100ff
fc01fc04
fe0301fd
01fd0001
fefe01fc
fd00fd00
01010404
ff03fdff
01000400
0302fdfd
010201ff
ff040100
fefd0001
fd020401
00fdfe04
02fe03ff
fd000403
fd030203
ff0400fe
020402fe
02000003
fe03fe01
fffc02fc
fdfd0004
0304fdfe
04020003
02fefe02
040004fc
0001fffe
fc04fe00
fffc0201
00fefcfd
02fc0301
02fefe03
0103fefc
0003fcff
fc020103
0100fe02
04fc0303
fdfd02fc
fcfffdfe
04fd02fe
fe00ff02
0204fefd
01fcff04
fc01fefe
ff000001
0101fdff
04ff0001
fefe0101
030003fd
feff01fc
0302fc03
fe04fcfd
01fd00fd
fe0002ff
ffffff03
0401fe01
020103ff
00fcfc01
030402fe
00fd0304
01ff04fc
03fcfdff
01fc03fd
010204fc
03fffcfe
00fefcfd
fd04fc04
fd01fdfe
fe01fcff
fd02fdfd
03000001
01fd02fc
0200fc03
fc02ff04
040204fc
02040300
ff0304fd
01fc03fc
0403fefe
fffffdff
040202fc
02fffefc
0102fc01
fffefefe
fc000402
010003ff
fdfc04fe
040001fc
fefffcfe
0104fdfd
0400fe02
00fd0403
04010304
fc03fefc
ff01fcff
fd0402fc
01ff03fd
02ff01fd
fd0303fd
fefe0200
04ff01fe
010100ff
fdfc0301
0001fcfc
0303fffd
fffefc01
fdfc03fd
04ff02ff
fe020303
fcfcfcfe
04ff01fc
fd00fc00
03fc01fd
020004fd
0403fefc
040400fd
fefdff04
fe0401fd
0201fc03
01fd0304
0102fffc
fc020003
0403fd03
fcfffd03
00ff0103
02fc0302
fc030101
00fcfeff
0404ffff
01fe0104
02020000
01ff0200
fffc02ff
fdfcfefe
fe00fd01
03030101
040002fe
feff0404
00fc0403
fe0003fc
04fefe04
fefffefd
fffc00ff
0403ff03
03fefe00
03fd0401
00020400
04010000
02ff04fc
fffe0100
fe0101fe
02fd0100
0200fffe
00fc0202
fdfd0002
01fe03fc
fcfe0204
fdfcfefe
020203fd
020201fe
04020303
0000fe01
fc0300fd
fffdfc01
02fc0303
fcff02fe
fd0101ff
03fcfffc
04fe03fc
0102ff02
01ff0201
04fd0101
02fe04fc
fe0103fc
fcfdfefd
04ff01fd
fe03fe02
fd03fe02
02fcfc00
04fe0100
04fd0301
0002fc03
030303fd
030301fc
feff0300
04000101
040004fe
0201fe01
fffdfc02
fe00fe01
03fc0403
0402fe04
fffcfcfd
02fcfd00
ff00fc03
0203fd01
00000001
fc0401fe
0000fcfc
fe040103
02040202
01ff02ff
fdfc0301
04020000
03010002
0001fdfd
01030402
01fe02ff
0004fefc
0403fefc
ff020201
02fcfefd
fdfdfcfe
fc02fdfd
00fffcfd
fcfefeff
fc01fe01
04fefcfc
02fd00fd
fefcfd02
fdfefc01
fe00ff04
fc00ffff
fd01feff
04fd03ff
fc010002
0104fefd
fcfc04ff
fd0204ff
fc00ffff
fe030202
0302ff03
fdfdfdfe
ff02fdfe
fe01feff
0103ff01
01fd04fc
00fd0301
fefefe00
02020202
00fc0201
fe01fcfe
04ff0400
fe00ff00
00fdff00
03fcfefd
fefd03fc
020001fc
0300fefc
fe010304
040104fd
010100fd
01040004
fd01fefe
fffdfe04
04fd01ff
03010104
fd020103
03ff0203
fc0200ff
feffff02
01000300
04fcfe03
0203fefd
03030302
fd03fe00
03010103
04ff01fc
01fc0400
ffff02fe
03fcfe02
fe01fc00
01fdff01
01fc03fe
fcff0104
fefcfe04
04fdfdfc
03040300
fd02ff04
fcff00fe
fcfd04ff
fefd01fe
fc0200fc
fdfefe04
04fffc01
fcfc04fd
03fe04ff
00fefd02
04fd0001
fffefe02
04ff0102
fcfd03fc
0001fdfd
03fc00ff
fe010402
0401fffc
04feff00
fd03fc00
03fe0404
03fefc00
030103ff
040400fc
02fffe01
fffe0002
04fcfdff
ff020000
0202fe03
fcfffcfd
ff00fdfe
ff0402ff
fcfc0001
fc02fe00
00feff03
04ff0303
00fe0400
ff0101fc
04030402
fffc02fe
fd02fdfd
0303feff
0002fe04
0103fcfe
00fd04ff
fefcfffe
fdff02fd
fd0203fe
04ff02fd
0003fffc
00fdfdfd
0003fdfd
fdfd02fc
02010301
00fefcff
00ffff04
01ff0102
02020401
fe04ff02
0303fcfd
030001ff
fd04fe04
fe00ff03
fe01fe04
00010003
fdfc04fd
0201fd02
04fe04fc
02fcfe02
0003fefd
01fe0202
0304fd00
ff0203ff
0401fd02
00fc04ff
fc00ff03
fc0204fe
01040004
03040302
fc040101
fd04ffff
01fc0403
03fefcfd
fdfefc03
fefd0401
fd010403
020202ff
02fcff02
00fc03fd
fffc0002
040303fc
00fd0304
00030201
fffc0403
fefffefe
03fe01fd
fe0403fc
030003fc
01fd0102
0004fffd
02fffcfc
02ffff02
04010100
fe020203
fcfdff00
0204fc01
04ff04ff
0201fd00
fe04fc00
02fcff00
02000301
fffc0100
01fcfe00
00030200
fc000100
0404fe01
0002fd01
01fc02ff
02ff04fc
fe03fefc
01fe0303
00fe01ff
0400fdfc
0203fcfc
01fc04fd
fd00fdfc
02fc0203
fe020203
fefd03ff
00010402
ff020200
fefd0104
00010201
ff0001ff
03040404
02fcffff
03fdfdfd
00fe03fc
fc0102fd
01000201
000404fe
03ff0202
fc020204
fefe02ff
00fefdfd
000201fc
fc0102ff
04010403
fe03fe00
ff02fffe
ff03fffd
0401fdfd
fcfefe03
0404ff01
0103fcfc
fc03fe02
00ff00fe
01fe01fd
02fe0002
03fffefc
ff010102
01ff04fc
04000203
fd030001
fffcfeff
fcfffeff
030104fc
04fc00fc
fe0003fd
fd02fe00
fe02fe02
fe040403
fefe04fd
000101ff
fd0102fe
fc04fcfd
03ffff03
0203fefe
0401fe00
fffc0102
fffc03fd
000303ff
04fffc01
0202fc01
040100fc
010302fc
fffc04fc
fdffff02
fc000000
04fffdff
01fc01fd
020100fd
ff03fc00
01fcfefe
01020101
fcff02fc
fd0102fe
040202fe
02fc00fe
01fcfc00
fc0102fc
0004fc03
fe000101
04feff03
fd00fdff
0101fe04
03fc0404
02fc03fd
fe0300ff
fd030000
fd010400
00fe01fc
03fcfd03
020404ff
00000304
fcfc0202
01fefe02
fc000204
00fd0404
ff0100fe
0301fd00
03000404
ff0302ff
fefc04fe
04030302
030403fe
02fefdff
03fe0402
00ff0204
fc0002fe
030402fe
0404fd04
04ff0101
fcfcfc02
fffc0003
0301fdff
fe0204fc
01fefe01
02010001
00fffd00
fe02fe00
040002ff
0402fdff
0101fdff
fcfdfdfc
fdfdfefd
0104fefd
04fc00fd
04fdfc00
fffdfdff
04030401
fc020001
0302fdfd
fffffdfd
ff04fefd
fd02fd03
fcfc02fd
0404fe00
03fcff00
0001fe00
fcfc00ff
fcff04fc
01020404
030201fc
0202fefd
fffffdfe
fc04fdfd
0203fd01
00fe0000
fcfefe03
fffd01fd
0103ff00
04feff04
0004fe02
02fd02ff
020001fe
00fc0203
fcfeff02
fefd01fd
fefd00fc
fdfc04fe
020103fc
01fc03fc
0001fe00
0402fe03
fe04fe04
01000204
0303fe04
00fe0302
03fc00fd
00030104
ff040100
00fffd01
fdfcfe00
01feff00
fc02fffc
fd02fefe
ff0404ff
fe04fdfc
fc040300
fefe04fd
fcfd0201
00fe0203
fdfd0200
0001ff01
fc03fefd
04fe01fd
00fefc04
040201fd
01fe0300
ff0203fc
fc010001
02fc0301
fe0303fd
0101fdfd
02ffffff
04040100
fefc0302
0201ffff
04ff0102
04fd02ff
03fc00fc
fc040400
ff0402fc
0301fcfd
04fefefd
fffd03fd
01fefeff
fc00fefe
04fcfd04
0004fffe
02030402
04ff00fe
00040200
fdfd0300
fc01fdfd
0101fcfd
02fffcfd
fcfffc02
fd0001ff
00fc0404
fe01ff02
fd03fd04
03000303
fc03fdfd
000303fc
fd0300ff
00010300
fe00fd01
fe040301
00020403
02020402
fffffd04
fc0100ff
00010301
0204fdfe
fdfefeff
feffff04
010200fd
000300fd
03fffc02
fefcfefe
03fffdfd
fe03fc01
03fe0000
020303fc
01fdfe04
0001ff00
000403fd
01fc0103
fffc0301
fcfefdff
04fdfefe
fdff0200
fffd0100
03fefdff
04fefefc
fdfc0000
010402fe
fdfcfd01
fd02fd00
ff0003fc
fd04fc02
fc04ff02
0004feff
03fc02fe
fc04fe01
04fefe02
04000103
ff02fe03
01010403
020103ff
01000202
03020403
04fdfc04
02fc03ff
fdfc01ff
fc0204fd
fffdfc01
03fcff01
fdfdfd00
fffcfefd
fefe0104
ff03fc01
00fc0203
02fd01fc
fdfdfffc
fc03fc00
fdfcfc00
fe040002
fcfe0404
ff00fffd
030300fc
fefdfc01
00fe0200
01fe04fc
03fffffe
fe010200
03ff0201
fffd04ff
fcff0401
fd0301ff
fe030301
fefe0403
00fdfd02
0004fefe
fefdfcfc
0004fcff
00fe01fc
0404fc00
fc0004fc
00fcfffc
fd02fefd
ff02fffd
02fefc01
fcfc02fc
02020300
04ff0302
fd000002
fffc0103
04040000
fdfe0000
0101fffe
02ff00fc
fd0101fc
02fd00ff
fdfffefc
0204fd03
01fd00ff
fffcfc04
feff0102
04fd02fe
ffff04ff
00fffcfd
04fc03ff
fdff0004
0402fffd
01ff0104
00fe02ff
0401fe03
03fdfdfc
fd0303fe
04fd0000
fc0304fc
02fd0300
0102ff04
0102ff02
0000fffd
00fd0402
fdff0302
0204fc00
fdfd00ff
01fffcfe
0202fffe
03fefe01
fcfe0301
fcfffffe
fcfe0403
020402fd
01fc0201
03000204
01040402
fe04fcfc
fc04fd02
0002fd04
0204fd00
fdfefd00
01fdfefd
fc000002
ff010301
04fd0004
02fc0401
fd01ffff
02fd0101
fc0300fe
fc0401ff
fcff00fd
04fe03fd
030304fc
02fe0304
ff03fdfd
ff010204
01fe0003
0304fc00
fcfc0201
fffe00fc
01040102
fd030202
fe01ff00
fffdfd00
01030201
fe00fe02
fefdfc01
01fcfe01
0403ff02
fc020101
fd010203
00fe00fe
01fe03fc
ff00ffff
0301fc01
02020401
fd03fcfd
02fd04fd
fffdfc04
02fd03ff
040304ff
fcff0101
fcfc01fe
0001fd02
00fdff02
010001fc
03fd0303
fffe0203
fcfefc04
02030202
fc00fffc
fcff03fc
02fc02ff
03fc01ff
fffcfe00
ff0001fc
01ffff04
04000202
00020004
00000400
fcffff03
fffc04fd
00040302
02ff02ff
01ff01ff
ff000103
fc01fffe
0002fcfc
fd01fe01
fdfcfd01
fdff0201
fd020103
fc010300
030101ff
0100fd03
04fd0000
02fcfc04
030300ff
00000004
fefd0200
fffdfcfc
fe010102
02000001
040004fc
010102fc
04fe0002
0104feff
02feff03
00000302
00030303
010003ff
03fefe03
fe020102
00010401
ff04ffff
ffff0001
02040300
02fdfffd
ff030102
02fdfe03
fefd0401
fcfd0001
ff0103fc
fc01fc01
fefe00fd
0201fc02
0103fd01
00020101
020300fd
fcfffcff
fc01ff04
fc030301
00fdfcfd
02fefc01
ff02fffc
03fffefc
0202fefc
fe01fefe
02fcfcfc
fe01fd02
01040404
ff03fd01
0403fd00
040304fc
00ff02ff
fe020400
fffc02fd
01fcfe04
fcff0403
02020104
fcfd02ff
00010101
020303fc
0401fc04
fcfe00ff
00fd02fc
04ff01fc
fd000304
02fffdfc
fffcfc01
ff03ffff
fdfffe04
fc03fcfc
fe030103
fe030404
ff0004fe
020003fe
04fc01fe
04fdfcff
02030203
fe020302
fefdfdfc
ff030301
ff000303
fc0301fe
00020000
01fd02fd
03fe0001
fefd03ff
04fc01fd
03ff0203
02ff00ff
fcff0102
0101fe03
fefeff04
02fd0000
fefefffd
020000fd
ff0103fd
0301fe00
00fffc00
00020103
010000fd
fc0200fc
0102fffc
0302fefc
030104fd
030002ff
fdfffffe
02fe0104
fcfefd04
fefcff04
ff0101fd
0403fefc
01fdfd03
fefd0402
00fcfcfe
01fc03fc
fc020302
02000404
02fc03fe
03fe0403
fc040302
0400fd04
0204fe03
00fc03fe
0303ffff
0200fcff
04fc0004
fcfefeff
fdfcfeff
fffffc00
fd040000
fffe0104
fffd0104
fefffd00
fffffd00
0001fd03
00ffff03
01fc02fc
fc030003
0002fd04
04fefc02
fd04ffff
fe03fd03
fffefcff
01fe0404
00040400
ff0004fd
0202fdfc
02030100
fe0104ff
fe0402fc
00fe0301
02040103
fdfe0001
02030303
fc02fc01
0200ff03
fe0203fd
fdfd02ff
fc020201
ff0104ff
fc03fefe
00fc0103
fd010201
fe03fffc
01fefefc
fdfdfc03
00ff0200
00fc0004
fffc0101
0003ff04
0201fefc
fe02fc02
00fe02ff
00030304
fcfefc02
fffe0400
fcfc0404
ff02fe01
0204fdff
fefffd04
fdfffd02
04fcfeff
040004fd
fefc0402
fe000401
fc01feff
010403fc
ff030204
fefc0102
04020200
03020104
00fefe00
01020400
03020303
040001ff
03040003
04fffc04
fcff0301
fc00fd04
03fc00fd
000303fd
feff0303
0204fd01
030200fd
ff02fc01
02010000
010400fc
fefe0300
fe0204ff
030100fe
fc00fd03
04fdff03
fcff0203
03000203
fdfffd02
040202fd
03feff04
fefe0202
02000203
fffcfd01
fefe0002
0303fdfe
fcfdfefe
0401fd01
fefffc01
fefd03fc
fc00ff04
04fc0402
00010002
0100fc01
fdfc0300
010304fe
0102fe04
00fe0300
0003fdff
02fd0301
ff01ffff
03fefe02
ffff0101
000304fe
000104fd
fd0403ff
04ff03fe
01fffdff
fdfe0204
0203fd01
fcfd02fc
0303fc03
01020403
040103fc
00fffeff
fdfe0103
0404fe03
03030301
01fc00ff
fc01fd01
010003fc
fcfc0404
fffefefc
fc0404ff
020304fd
fdfdfd03
0304ff00
01fcfcfd
000302ff
fe00ff01
0103fdfd
fd04fdfd
ff03fdfe
02ff04fd
00fc00ff
fdfefefc
01fcfffd
00fdfe04
00020300
04fefdfd
0004fefc
fd010201
fdfc03fe
fe010301
fcff01fc
01ffff04
fd04fd04
0204fd00
fd00fe02
0403fc00
000000fe
fd04fd04
04fffe03
02fcfdfd
01fc0202
ff0204fc
fd020300
04fdfc00
0304fc04
fefd0200
04fffc03
01fc0304
fcff00fe
03fefefc
0401fc04
fdfd0004
02030304
fdfe0101
fd04fe03
fc02fffc
fc01fc00
fffc0101
ff03fffd
fcfc0303
02fefd02
fd040301
0304fefd
fffcff02
fe0401fe
fefffffd
fefd0403
02030204
fffffffc
ff040101
00fc0402
02fe0103
00010000
02010004
01fcfd03
0302fc03
040402fe
fcfcfcff
ffff04fc
030101ff
04fefd02
04010003
03fffd04
02ff03fe
0100fdfd
010400fc
fe040404
01fefe00
03030201
0300fe04
fd03fdff
feffff01
000101fd
0201fe03
03040302
00fc0402
fcfefeff
04fdfdff
ff01fdfd
fffe0203
03fcfdfd
0102ff03
01fefefe
03fe04ff
fcff01fe
01fc04fc
fefdfe01
ff02fc04
fc01fc04
fcfffefc
fffe0200
03fe0302
02fcfffc
fd03fc02
fffdfcfd
fc03fd01
fffffefd
fc010000
fcfd03fc
04010401
04fc04fe
01fdfe03
03fd00fe
fefe0002
00fc01fe
fcfefcfe
00fdfefd
02fcfcfc
010003ff
0400fdfe
01fffc04
03ff0004
fc04ff02
00fd0100
01fe01fe
fdfdfefc
01fcfe01
00030101
04fe0400
03fdfd04
fc0401fd
04fe00fd
fefefe03
020104fc
fe020000
fcfd0401
00fe0203
020103fd
03fc0101
04fd0000
0202feff
feff02fc
ff0004fd
fe0301ff
02fcfefe
01feff03
0201feff
0400fefe
ff03fefe
fefe00fe
fd0100fc
04fe0404
ff010201
fd01fc03
fffefe02
fe040401
fc030102
00fefdff
fe0300fc
03040404
fc040301
02fe03ff
0304fc02
ff0100fd
fe0202fe
04030300
fc04fcfc
04fc0303
020404fe
02030302
fefdfcfe
02ff02fe
02040404
ff0400fc
01fc0301
0004fe02
00040402
fe00feff
0400fdfc
fc01fdfe
010402fe
02020303
fd03fdfd
fc030402
feff0402
fdfdfe04
00fefdff
02fdfffc
fcfefe00
0303fefe
fffdfefe
fffe0100
fe04fefd
030303ff
00fcfcff
01fc0200
ffff03fd
fffdff03
fd020300
01fe0002
fe010101
fdff0400
030104fd
fc01fefc
fdfffe04
01fd0302
fdfc0304
02fdfd02
fcfcfd03
03fefd03
010102fc
fefe04ff
fffcfcfe
fffefc00
02000003
fcfe01ff
040104fe
fd02fdfd
fefe01fc
04010302
fe040100
00fd0303
03fcfe04
03fc0202
00000301
020400fe
ff010003
040303fd
00fdfe01
03fffc04
04040202
fefe0201
ff03fd02
0400fefd
fdff0402
fd04fefe
fc01fdfd
fffefeff
02020000
04fcfc03
020202fd
0400fe04
0302fd03
fefffeff
0203fe04
fdfcfdfd
04fcff02
ff03fffd
0204fcfd
02fd01fd
000101fc
fe0101fc
fefe0004
fd0003fc
fffc0101
0101fdff
02fdfdff
00fc0300
fe010101
0204ff02
fe01ff03
0201fcfd
0400fdff
fe000303
03fd0204
fc00fc00
02fdfdfc
03fffc01
fcfd00ff
02040103
fcff0001
fdfcfffe
0303fe00
fcfd0102
fd0100fc
02fc01ff
fe0101ff
02fffffd
fc020102
fc03fd00
fe030202
ff0401ff
02fe0000
02fe04ff
01040301
fffdfe01
000404fd
03fefefd
fe02fd04
ff00fd04
fd02fd00
00040204
01fdfe00
fdfcfeff
fcfd0301
0101feff
fdfd0102
04ff0002
ff010102
fd010400
0101fc01
fd02fffe
0303fdfc
010200fd
0301fffc
01000102
0004fc00
ff000402
02fc0000
03fe01fe
fc00fd04
0102fd01
00010302
03fdfcfd
04fc0300
00fefe01
020404fc
fe040000
03fdfc00
fefffefc
ff00fc02
00010204
00fc0001
0000fe02
ff04fe00
0202fcfd
fffc0101
04040100
030301fe
fd00fe03
fffc0300
03ff0204
01fffdfc
0301fc00
0204fc03
00030401
000204ff
fe00ff00
040304fc
fdfefcfc
0201fd04
0200fcfc
02fd0300
02fefc03
02fd00fe
01030404
fe01fc02
0203fd01
0302fc02
ffff02fd
04040002
02fd0404
030204fe
fc04fcfe
0200fd01
02040303
04fcfefc
ff0403fd
040401fe
0203fdfc
fc020001
fefd0300
04fdfeff
fcfc01fc
ff02fd03
0302ff02
fe03fffe
fe0004ff
040001ff
fc0101ff
0002fd03
fd00fcfe
feff0201
0404fcfc
00fc02fc
02010004
ff040300
fefdfe04
fffc03fd
01fcfe02
00fcfefc
ff03fdfc
fefe0300
04030300
030001fd
0102fcfc
fcfe04ff
fe01ff00
03fd0403
fc03fe02
04000203
fd00ff01
fdfd0104
01fe0201
fefeff01
fffd00ff
fcfd0302
030002fd
fcfffcfe
fd03fc00
fffefcff
00020101
fd00fcfe
fd000301
000402ff
04fcfe00
fefcfe02
fffe03fc
02030002
00fc0403
fcfd0002
fc040204
fffdfe02
00020401
020004fc
fffd04fd
fd0004fe
ff020000
ff02fdfc
00020000
04fc0304
fd01fcfd
fd01fc02
fefc02fe
fc02fd04
ff0302fc
01fcfffc
fe02fd03
feff02fc
0102fcfe
000300ff
fdfe0101
0001fe02
fdfdfdfe
fdfe0001
fcfc02fe
fe03fffd
ff04fc02
fcfd0100
fffe03ff
0403fdfc
fe03fdfc
fefcfefd
fdfe04ff
fdfc0104
ff040002
ff0102fe
fd02fd01
0302fcfc
fd030404
01fe04fd
fd02ff01
0100fdfe
000301fc
01fdff01
fd030101
01ffff02
fcfefefc
fdff0003
04040003
fcfcfe01
03ff0001
fffcfd01
030002fd
fe0201fc
0204ff00
fd04fd01
03fc00fc
01fd0304
fffcfcfe
fefcff01
00fd0002
03000400
fe02fffd
fffd0000
00fefd02
0003fefc
00fdfeff
010304fe
0403fdfd
fcfcfd04
fd0202fd
fefc0401
010201fd
fd030300
fffc0004
040203fe
fffefe01
fc0404fc
000200ff
fcfffefc
00020300
02fe03fd
fcfcff00
0400fefc
04fc0001
fc040203
03fefffe
ff0000fd
02000202
04fcfc03
0402ff03
fcff04fd
fdfd01fe
03fd0202
fffcfffc
00ff04ff
fc010303
feff02ff
fdfe0404
fffd02ff
fd020100
fffefdfe
fcfe0204
03fffdfd
01fcfcfe
01fe00fc
0104fefc
0103fcfe
ff0202ff
fdfe0303
03fd0003
ff0300fe
fe01fe03
00010401
fc02fefd
fefe0403
03000201
040303fd
03fd00ff
fcff04fe
fcfcfcfe
01ff03ff
fefdfe03
0303fe01
03fefffd
fe01fd01
01ff04ff
0103fc02
0104fd00
fffc04fe
fd0300fd
00fc00fd
fdfcfefe
fefd0000
010201fe
02feff03
03030203
0300fdfd
fcff02fe
040403fd
03feff03
02020401
01030100
0203fd02
fc00fdff
fdff00fd
040403fd
03fcff02
04fd0404
ff030402
feff04fd
0102fd03
04fe03fc
fc040301
fcfffcfc
ff01ffff
fefe0201
03ff0202
0403fcfd
fefffd01
02040300
fe010103
03fcfffc
fd0000ff
fe0002fd
fdfcfc04
fcfd03fe
04fe02fc
00000003
ff030104
fffd0401
00fcfcfc
0401ffff
ff00ff03
04ff0200
0404fe01
fe01feff
01020102
fd010102
fd00fc03
ff0301fc
fcfcfc03
01fdff04
02fcfd02
fdfefdfd
fcfefefc
04040103
fffe03fe
02fdff04
0000fdfe
010204fc
04fd02ff
fd010200
ff00ff02
02020202
fd010400
0101fdfd
01fc02fe
0204fe00
020002ff
04ff0302
02030204
04fc04fd
feff0404
04000103
fdff0004
0102fdfd
fc000200
000200fc
0004fffd
fffffe02
0100fd00
03000001
040300fd
01ff0101
fe000102
ff00fe00
020400fe
fc000004
fe010001
00ff0001
00020001
ff0400fd
01020404
04ff0003
fdfe0301
fffeff04
0404fc01
04fc0001
01fc00fe
fdfdffff
00fc0401
fcfffcfe
030202ff
0404fc00
fdfcfcff
01040204
0301ff01
ff00fe02
fffdfc01
00000301
04010104
ff0001fd
fffd01ff
0003fc02
00fe0202
04000300
fc000400
00feff03
02fe0103
03fcfefc
01fcff00
000300fd
ff000003
fffc00fe
fd00fe00
fe0002ff
fc01fdfd
01fe04fc
fdfefc04
0201ff04
020202fe
fefefcfd
00ff0403
02ff0404
ff0204fc
fcfdfdfc
fefffd00
01fc01ff
ff03fc00
fdfcff00
fc040002
040300fe
fe040302
fe0204fd
fc010103
fd0002fe
fcfc0104
00fe0404
fc040401
0201fffe
02fe0100
fe00fc01
fc02fffc
02fd01fd
fd04fdfd
01ff00ff
00fe00ff
0403fc01
fe000402
00fe0002
fd01fdfe
fe020204
01fc01fd
fc010400
010001fe
0202fefd
01ff0101
00fffcfc
01040400
0201fc02
02fdfeff
fc0403fe
00fcff04
01fffd01
00fffefd
fefefe04
0402ff01
ff010102
fffe0002
fe01fffc
02ffffff
fffcff03
03030200
02fd0202
0201fd00
00fe04fd
01fdff01
0102fd02
03feff00
0101fcfd
fffc04fe
fd030404
fc02fd01
010202ff
fdff0303
04040204
00020202
00000304
02fc03fc
0100fc03
fd01fe00
00ff0401
fffcfc03
fc010304
02ff0000
040201fc
fd04fcff
0301fefd
00fd0203
fffe0201
02fd0102
030102ff
02000001
fd040301
00fefeff
01fd01fd
fffeff03
04fefefc
fd020302
04fefe02
01040001
fd03ff02
ff02fdff
04000204
00fe04fd
feff0001
fc00fc02
04040402
01ff0102
0201fd02
00fefffd
01020304
fdff0303
fd0404fc
ff00fc02
fffd0304
03fc01ff
01040302
02fcfe02
03fe0403
fc04ff03
03fe0201
0304fffc
fffefc00
0401feff
02fe01fe
00fc0304
010103ff
fd04ff02
fcfc01fd
030400fc
fcfd0403
feff0302
04040402
fc040303
fc010103
02010404
01fd04fe
01fcfffd
fe020104
010400fc
00000100
ff010002
fcfdfffc
00feff01
fd02fc03
fc01ff03
fefefc01
fcfd0203
fd020201
fd0400fc
fd00fe04
00030303
00fcfe01
01fefc01
02020203
fefdffff
0002fd01
020302fc
fd03ffff
fffdff00
fd010400
ff01fdfe
03040203
fd010301
fe0401fd
ff020004
fc0300fd
01fcfc00
fefefdfc
0204fd00
fe040402
fc030203
04ff0402
0100fe01
fc020303
0402fcfe
03010001
fe00fffc
01fd0001
fcfefcff
04fefc04
02fc04fc
ff01fcfe
0202fefc
fefc01fc
03040004
feff0402
00fc0104
00fe03fd
0103fd04
02ff01fd
fcfefefc
02fffc03
ff01fd00
020101fd
01030001
fefdfc04
fffcfeff
01fdff03
fffc0101
0304ff00
feff02ff
ff04fe03
fffd02fc
fefc0104
fdfcfdfd
0301fe00
ff03fdfd
04ff0300
fe03ff00
03fe0100
fcfe0102
fcfc04fe
fd0102ff
01fe03fe
0200fc02
ff0303fe
ff01fe00
ff010203
02ffff04
fe010403
fdfe0200
fe000003
fcffff00
04ff0400
0101ff01
00fefc01
0402ff01
fffc0404
02fd01fd
0000fefd
0102fc03
fc030201
00030003
01fe0300
ff020401
0001fc00
fefdfe02
0002fc01
fdfe0304
fc01feff
0002fc02
fdfe0403
02fdfdfd
03fcfcfc
fffefdff
fefdfd00
02010104
040304ff
0103fdfc
ff01fdfc
03fefd03
02fcfe02
04fc0300
fdfdfcfc
0300ff04
fd010101
0304fcfe
040202ff
fffffc03
fe010100
00fefe03
fc0200fe
00fc04fc
fefd0404
00fefffc
fc000100
fefefcfc
0201ffff
01000304
fffd0303
01fe0203
00fefefd
ffff0403
fc04ff03
fefe0101
0001fdfc
01030200
01fd0302
01ff0400
fe030400
fffe0400
fd0301ff
0404fe02
0303fffc
030403fe
fc0202fd
fcfcffff
fefd04fd
fd02fefc
ff03fc04
fe00fe00
fe0401ff
0203fcff
ff000001
fd010104
fd00fc01
fcfe00fe
030301fd
fd0100fe
0302fc01
fc03fe02
02fc01fe
ff03feff
fe0200fe
02fe0101
0301fffe
fc010100
03fc0404
fc03fefe
02fefd00
fcfefefe
04fcfefd
ff030302
0204fe01
01030203
fd02fdff
03fc0302
02020103
ff040302
01fc04fc
03fdfffe
fc0301ff
fcfdff00
ff02fd04
fdfc0003
04fcfe02
000303fe
ffff0401
0302fd00
02fc0403
040004ff
fd02fcfe
02020402
01fc02fc
000403fc
00fd03fd
fefd04fd
04fe03fe
ff02fe02
020204fd
02fffefc
fe04fd01
04fe03fc
0100fc00
02fd0001
00fd03fd
01000301
00020002
03fc04ff
010200fc
0402ff00
03ff00fe
fcfe01ff
010204ff
fc03fdff
03fd01fe
040301fd
01020102
0401fc04
feffff04
fc0400fc
01fd0100
ff0401fd
00fe04fe
03fcfefd
020300fd
ff04fd02
fe020302
00feff03
000003fd
fe0400fd
01fdff03
01fc0004
fffd0101
fd0203fe
fefdfe01
fefd00fe
0104ff01
0101ffff
0200fd04
02fc00fe
02fdfcff
fe0302fc
02020402
030300fd
00fffd01
04fdfcfd
fdfd01fd
fcff04ff
fd02fefc
0204fc03
fc010001
fd010400
feff0404
fefcfd03
fcfcfe01
fc0203fc
0203fc01
04fd0204
000001fe
fe000003
00fc03fc
010201ff
0404feff
0304fffe
02ff00fe
fffdfcfd
01010404
fe040104
fd01fe00
fd01ff02
03fc00fe
03ff0004
04fdffff
fd0200fe
ff01fefc
03020204
fc000003
03020001
fe0302fc
fd0302fd
00fefe02
03010100
0001fdff
040004fc
fcfe0100
03fe0204
01020301
fe030102
fd020403
0001fc01
0403fefc
03fefffe
fe0001fd
0204ff03
fdff03ff
04030204
01fcfe04
000404fd
03020403
fc03fe04
04fc0400
03fdfefd
01fd0402
04ff02fe
fffdfdfe
01fefefd
fcfd0003
fcfe0104
04010302
fcfe0401
010001fd
040401fc
fc02fcff
ff0000fd
fcfdfc01
0003fc02
0402ff03
fe040004
fd0204fc
0401fdfd
0204fcfd
00ff02ff
04fd0100
04fffcff
fc00fe02
02ff0104
04fffdfd
020301fc
01fc03ff
fffffffc
fcfcfd02
fdfe03fc
fc0004fe
ffffff03
fffd02fd
0401fc02
02040001
000000fc
0202ff01
fe02fcfc
fe0003fc
02fffd02
00040304
0104ff01
fc000304
02fcff03
fd04fc01
04ff0404
fe020404
01fcff04
00ff03fd
fe0201fe
fd000100
020102fe
0101fefc
fc000400
04fdfdff
fdfdfc03
ffff04fe
fe04fe01
040103fe
fe030002
fd00fc04
04ff04fd
01fdfdff
fc030104
fcfdfd04
03fffc00
04040101
fffe0101
ff0403fe
00fcfe03
fffdfe02
fffffd01
030301fd
02fffcfd
ff00fc03
020300fc
00fc0304
03fe00fd
03ff00fd
04fe03fd
fdfcfe01
fefe00fd
fd020103
02fdfc04
fe0101fe
fc02ff02
fdfdff02
030100fe
01000104
fc0400fc
01ff0000
02030400
01010102
020001fc
00feffff
fcfcfd02
fffcfc01
fc02fdfe
0400fe01
ff02ffff
fcfcfefd
0200fc04
fefe0404
fd02fcfd
0404fcfc
03040102
0303fd00
fdff0402
0103fd03
02000303
fffffe02
02fffe01
04fc0201
0301fc00
03040400
00fefe01
ffff04ff
fc03fefd
fdfd0404
0401fe01
fd0001fc
010303fc
01fcff03
000202ff
fcfffd00
04fffffd
0002fd02
03fc0102
0100fe02
02030302
fefd00ff
01000200
000002fd
fd00fe03
0203fc04
0202fcff
fe04fd00
02fd0301
0101fd00
03ff01fe
fe01fc02
fdfe0202
04ff01fd
04030003
00030201
fefe0402
04ff00fe
01000201
010000ff
fefc0400
fe020401
fefdfc01
fd0003ff
fdff01fe
fd0400fc
01000004
02fc0403
fefffc02
fd010300
040004ff
fd00fc00
0004fe04
0300fefd
0401fefe
ffff0102
fffe04fd
01feff01
000102fd
01fdfd01
fd04fc02
00fe0104
01ff0103
fc04ff03
030202fc
040000fd
02fc04fc
030100fd
ff020204
fc04fe02
fdff0203
fd0400fd
0103fe04
04fc0002
0102feff
0102fe02
fcfd0401
000303fd
00ff0000
ff03fefc
fd000103
fe020004
03fe0303
0004fd01
000203fd
03030201
01010100
fc020202
0304fcfc
fc00fcfd
01fd0303
ff0302fd
fdfffffe
03040003
ff040402
000103fc
fe01fffc
010202ff
fffe0101
040003fd
fcfffdfc
04fcfe01
fe00fd00
fc000101
00fd01fe
04fffc03
fcfdff02
0002fefc
fefffc02
fdfdff04
000202ff
ff030201
0301fcff
fe03fd03
fdfc02fd
02fdfcfe
fcfc0203
ff0101fc
0203fdfc
030102ff
fdfefefc
fd030400
fefcfc03
030201fc
ff030001
fd03fd00
00fd0100
fffcfd02
01fe0104
04fc0200
fe00fffd
04fd00fc
0403fe03
04fd04fc
00fc0000
00fcfd04
fd0001ff
030402fc
ff010103
03fdffff
04010204
fd040303
040004fd
fffdff01
fffc0200
030000ff
fffdff01
fdfffefc
fc000103
fd000300
04040404
02fd0200
04010300
02010101
02030202
fdfc0000
fffcfdfe
fe010301
0202fc02
fc010203
0101fffe
fd01fe04
040202ff
02fe0204
03fffffe
000002fd
fdfe0001
ff010001
fffd0103
03fc0002
01fd02ff
04010104
fc0300ff
02fc0101
01fe03ff
fc020100
ff03ff02
00fe0201
fe03fc02
fefdfcff
fffe0402
03fdfd00
00fc03fc
01000203
01040404
fc04fe01
04ff03fd
fffefdfc
0004fe00
0100fdff
03fe0004
fcfe04fd
00fc02ff
fc0000ff
fc0404ff
0000fd04
fcfcfdfe
03000102
0100fc03
0004fd03
fdfc0201
04ff0401
04fdfd01
fdfefc02
03ff04fe
fd00fcfe
02fffd04
fffd03fe
0304fc03
04020001
ff0001fe
fe0304ff
fcfc0002
fd0000fc
010003fc
fc0103fe
fc02fe02
fdfefc03
fcff0401
fcfd03fe
04010301
02fe0203
fcfc0102
fe00fefc
04fc0200
00fd0302
02020103
fd04fcfc
02ff0104
fc0301fd
04fdfdfd
fcfcfdff
ffff0202
ff010202
0204fcfc
02020104
02000304
fffefefd
fffffefd
03000002
fefffe03
00fffe01
fe010400
0101fffc
04000200
04fc0304
ff0401fe
fcfeff01
010100fc
03fc01fc
04030201
fefc0103
fc0301fc
fd02fefd
0101fcff
fffd02fe
0400fc04
000102fd
000102fc
03fffffe
ffff0202
ff0302fc
fcfd0300
03fcffff
010201fc
fe03fd02
02040302
fd030202
fd04fd03
fefefdff
03feff01
fdffff01
00fd0302
fefffe04
ff0100fd
fcfe0404
02fd0203
02fe00fe
fd030102
030400ff
00fefe01
000001fc
010204ff
04fd0200
fe04fd03
fd04fcfe
00fffdfc
fefc0104
0004fc04
0302fe04
04fcfdfc
01040401
fefdfcfc
0302ff03
01fc00ff
fcfe0103
fefe0104
fdfc00fe
fe02fe04
fffd03fc
fe0102fe
fe030100
01fe0401
040304fc
0103fcfe
0401fc03
04fefe00
00fc0103
04fe0300
fd020004
04fcfe01
fefc02fc
04fe0104
fc000104
03030002
030100fe
03fe02ff
02fc03fd
ff0004fd
03fc02ff
fdfcfefc
03fd0101
00fefffc
01fd04fd
0100fdfc
04fdfd02
0400fdfe
fe0203fe
02fcfe01
03fcfefe
fffc0301
ff01ff04
fdfe0304
03fdfd04
04ff00ff
01ffff02
03fdfd03
010303ff
ff0201fe
010103ff
03fc0201
fefffcfe
00fffefd
00fefd01
fc020301
fdfefcff
fd01fc04
00030203
00fcfc03
02fe0000
fdfd0003
fefdfc04
fcfefc00
02030103
fc000004
fcfcfe04
0002fdfc
fe0001fd
ff04fd01
02040101
ff04ffff
000204fc
fdfeff00
fc02fdfd
01fcfe03
00fe00fe
0203fc00
04fffe01
010204ff
0104fdfd
fdfdfd02
fe02fcfe
fd010200
04030101
00000200
00fdfefe
03fd0203
fffcfe01
ff0204fe
fdfe0003
0000fefc
01010403
ff000400
03020103
02fc02fe
02fdfcff
fefffc04
04030403
0001fffc
000104fd
0402ff02
feff03fe
02fc02fc
ff03fffc
ff00fc00
fc01fe04
fc04fffc
03fffefd
00fdfdfe
0000fcfc
ff01feff
fd0204ff
01040301
04fffd02
00fffc04
fd01fe03
fefeff02
01fc0301
03020101
0400fc01
fe020404
02fefd01
01fcfeff
03ff0203
00020001
fdfdfcff
fcfd00fc
fc0200fd
0403fd04
fe04fdfc
0104ffff
00fefc00
fffefe00
0200fefd
0402fdff
ff010303
01fefffe
fcfe0003
01ff0201
00010302
03fefdfd
fcfefd03
ff03ff02
0100fdff
04ffff02
fd0101fe
00fc02fd
fffdfefc
04fefd04
01ff04fc
fd03fdfc
fdfffefc
fefe0301
fc0000fe
03fd0102
040104ff
fefd0202
ff04ff00
fc010000
0203ff00
fffffefc
0402fc01
0401fefd
fe03ffff
fefffcfc
00fcfe02
0303fe01
fffcfd00
0002fcfd
03ff01fe
0401fc04
04010300
fffeff04
ff0401fc
03fffcff
fd040004
01000300
00fd00fd
0101fefe
00fe0303
fe02fd00
fd03feff
fd03fcff
fcfcfe01
fd01fd01
0004fd00
ff0001fd
0000fffd
fefd0004
fd020000
0201fd00
ff00fdfe
0304fefc
020403fe
00fefd04
010100fc
ff0004fc
02fcfe04
02020201
01010104
0402ffff
03040402
fe04fefe
fe020200
fe0001fc
010004fc
fc020200
fe00fe01
fc0201fc
fdfefcfe
03fcff02
fe030103
02feff04
04010402
fcfdfd01
01ff0302
fdfe03fd
02020102
fd020404
030303fd
fdfefdfe
04fcfcfe
01040300
04030304
ff03fdfe
01fc0200
04fd01fd
04ff0102
fffc04fc
fcfffefe
fffefd03
0302fd02
02030101
fdfcfffd
fd03fcfd
fd000203
00fe0100
03fcfe04
fc0303fc
02fcfd02
fe01fdfc
0001fdfd
03040400
0001fe01
01fe03fd
ff00fdfc
fefefd04
0203fffc
010100fe
04010004
fefdfdff
02fd0301
fc040403
fd00fe00
02ff03fd
04fd0401
02fcfffe
fe00fe02
04fffc04
03fc01fc
00fd0101
0204ff04
01030202
02000401
fdfd0103
0104fe00
0003fc04
ff0403ff
00fdfd04
fdfffeff
fe000101
fdfefc03
03fc0401
04000401
fd02fffd
0101fd00
0203fc01
01020200
0404fc02
fdff03fd
fffeffff
fd0201ff
fdfefc01
03fefefc
0201fe02
020300ff
01fc0201
0101fc00
ff01ff04
fdfefe04
fefdfd00
fcfcff01
fdff0300
fc02fc01
fe03fd00
fe040000
ff02fffe
01030001
fe040204
fefefd01
02fcff03
00010102
01ff0200
ff000002
00040202
fefe0101
01fefcfc
00fe02fd
fcfeff03
00030304
020201fd
04ff0303
04000400
03fe0102
fe0401fd
02ffff01
03fc03ff
0101fcfc
ffff02fc
03fe03fe
fe000403
02040103
fc03fe04
04030102
0401fc03
fc04fdfe
fdfffe03
0300fcfd
0000fe00
fc01ffff
ffff01fd
fd01fefc
02fd01fd
02fcfc00
020402fd
04fd02ff
02feffff
fd0200fe
04ff0200
fdff0401
fd010104
fe0001fe
03ff02fd
ff01fc01
fe040304
0302fe01
030103fc
020204fc
01fcfe03
fd01fefe
04feff02
010004ff
ff02fdff
ff00fefc
fefc0103
fe020201
0302fe01
00fffcfd
fdfc02fc
02fc0404
fe030400
fcff01fe
fcfc0303
fcfcfe01
fe04fe02
01fcffff
ff0004ff
0402ff02
fdfcfd03
fefdfdff
04040401
fcfdff02
01ff0403
fcfe0101
020301fc
03fcfd00
04040402
ff04fe01
fefd00ff
0301ff01
0302fffc
fd04fcfd
fc010204
01fffefe
03040302
ff02fefe
fd01fc02
fdfcfefe
ff03fefe
ff01fdfe
000000fd
00fffd04
02fd0000
fdfcfffd
0202fcfd
01fefdfd
01fcfd01
02fc01fe
030302fe
fe04fcff
04000002
fefdfefe
fd03fc02
0402fc01
02fd0203
03fefd01
01fc0401
fdfd04fc
fc0004fd
ff040002
ff000000
01fd00fe
fdff0201
fc0002fd
02fffc01
fffd0102
fdfffe00
fdfcfd01
ff04fc00
0404ff01
00030302
fe02fefc
0104fefd
0400ff02
01fc02fc
fdfefd01
02fc0204
02fffe04
fdfc0303
fd0303ff
feff03fe
fd01fdfc
00fffefd
01fc0402
ff020203
03010002
ff040304
04fcfd04
02fffffc
01fffd02
020201fd
fcfdfefd
fcfc02ff
000403fd
00fefc03
00fdfdfe
fc0300ff
fd01fefc
00010302
fd0302fc
fdfd02fc
fe01fc04
00ff04fd
02fdfdfc
fc0404fd
fffc04ff
04fcfdfc
02fe0001
0104fffd
0400fefe
fc01fc04
03000002
010200fe
fdfc02fe
fdfe0101
ff02ff03
040300fe
ff03ffff
020303fd
fffffd00
00fdfffe
02ff0104
fefefc01
00fdfe01
000102fc
fdfffcff
fdfffd03
0302fdff
00fd03fd
fffcfc02
fd010002
fefcff04
fc0200fe
fdfeff00
fe0201fe
00fffeff
fd030204
03010203
03020100
fe04fc03
fc040001
fdff0203
fdfc0102
00feff04
fefd0101
00fcfcff
01fefcfe
fefc0001
fc02fffd
04030301
01ffff00
04fe0004
03fcfefe
fcfe00fd
000102fd
04fdfcff
fdfefd01
04fd01fe
03fcfd01
fd020003
0000fd01
fc0102fd
00ff0401
ff01fdfc
fe0102fe
fdfffdff
ff000002
01fffdfd
000304ff
03fffe02
fefcfcff
fd00fdff
00fdfdfe
fe040200
ffffffff
01fe0000
ff040404
fefe0103
fe0203fc
fe03fcfe
02ff01fc
04ff0001
0000fc03
0001fcfc
04fd02fe
fe01fdff
fd020303
04fc03fe
040004fd
fe000403
ff00fcfe
03ff01fd
fc0000ff
ff04fe04
01fffcfc
0400fdfd
02fc0001
04fe01fe
000100fc
03fefc02
fefefefe
ff03fcff
ff03fc01
0401ff01
ff01fd04
0402fe03
00fd0400
01fffd04
fd0403ff
03040402
fe04fe03
03fdfc01
00fefffc
0103fe02
ff020300
0202fe04
fcff0101
fffc0302
01fe02fd
0300fd04
ffff0002
ff00fc00
04ff02fd
00000204
0201fffe
03fc03fd
000302fe
fe040104
03fc0000
02fe0102
020200fe
fd040201
fd04fcfd
01040004
fefc0102
ff03fcfd
ffffff02
04fc0004
fdfffd04
fe020403
01020304
fd02fd02
fdfcfe04
00ff0302
fc03fefc
0400fe00
02fd0404
0001fe04
00fdff04
04fcfd04
0101fe01
fdfcfc03
000101ff
fd0403fd
fd02fcff
02fd0103
fdfc0402
fc01fcfc
fffe02fd
04fc0204
ff030203
fffffd00
0104ff03
00fe04fd
030402ff
02030100
fcfefe03
0003ff02
fffffdff
00fefc02
02020102
fefefd04
ff040204
fcfd00fe
fd0103ff
fc0402ff
01fd0301
ff03fefe
030202ff
0001fd01
fdfefc03
00040201
fefdfe04
030303ff
0103fc00
fefc04fc
00fc0000
01fcfefe
01fd0403
fc0104fc
02fffdfe
03040303
03000002
0103feff
0400fe02
ff0402fe
03fc02fe
04fd04fe
fffdfd02
fffd0203
fdfcff00
03fdfe00
0104fe04
ff040003
fc030102
0404fffe
04040000
fffcfe04
01040200
04020002
00fd0302
0101fcfc
0100ffff
0404fefe
fcff00fe
fcfefd02
fcfffcff
01fefc03
0000fefe
030001fe
0104fc04
fe010200
fdfc0400
fffd01fd
fcfc0103
01ff01ff
ff04fffe
fe0003fe
fdff00fd
00fe0204
ff03fe00
01030104
010401ff
00ff03ff
fe01fffe
01010004
010404fd
01fe0202
ff02feff
fcfffd04
03ff04fc
ff040103
fc030400
0200ff00
02fefefc
fe030201
ffff04fe
fdfdfd00
fffe02fd
000302fe
03030001
03fd01ff
01feffff
010200ff
00fc03fc
02040403
fefd01fc
01ff01ff
0203fd04
fe01ff00
fd030103
000300fc
0404fe00
01fc0400
0203fd01
0103fc00
0301fc00
fe000002
fd010104
0100fe00
fe030302
01fefdfe
feff0104
fcfe01ff
ff0202ff
030201ff
03ff00fc
fefc0202
fd030103
00040204
fc0201fd
000001fd
0001fd03
02000101
feff03fc
0101fcff
030100fe
03fc0300
000102fd
fc0000ff
fe0003fe
01fc04fd
ff03fc00
02020401
0400fe00
fd00fe01
ff000203
fc020401
03fc03ff
000201fc
0401fefc
01040302
fdfc00fd
ff0201fd
fc04ff00
ff040303
04ffff04
0203fd00
fcfefe00
fd02ff03
fcfefffc
04fdfc03
fc00fd00
010401fc
fe0201ff
04fcff02
0001fc01
020203ff
fd03fffd
00010001
010301fe
fcfe02ff
04030201
fffffc04
02030002
fcff03fc
fefcfc03
01fdfe04
04fc0300
ff030102
ff040401
020301ff
000401fe
ffff03fe
020200fe
03fcff01
fdfd0303
030004fc
040300fc
fefffefd
020404fc
ff0104fd
02000200
fc00fc04
04fc0302
0102fd03
0104fe02
01fd0304
0203fd00
030101fc
03fc01ff
0201ff04
03fdfd02
fdfe0102
0102fe00
03fc0104
fe02ffff
020400ff
fefffd03
0300fffe
0403fefe
0404fc00
03040101
0401fefd
0102fc03
ff00fc02
fc0303fd
04040102
fcfe0001
0202fefc
fd03fd00
ff00fefd
fdfcfc04
03000101
0102fdff
fe01fe02
00fd02fe
0402fd02
010002fe
fd0402ff
00030100
02fdfe03
fefc0201
020104fc
fe00ff02
ff00fd00
fd040403
04020404
04fe03fe
feff0200
fffefefd
00000400
030200fe
fc020103
03fcfc01
010004fd
fc020101
fdfcfc04
fe010102
fc0400fc
040100ff
01fc0304
fe020001
010203fc
fdfc0300
01fcfcfd
fefcfe02
fcfc0200
fd03fdfd
fefe01ff
fdfeff03
00000304
04fc03fd
01ff0202
02010104
fcfe0201
03ff01fd
040002fd
0102feff
03ffff02
040202ff
030402fc
ff040002
fffe0300
fcfcfefd
04fffffc
02fffc00
00ff01ff
020203fd
010202ff
fefffc02
020301fe
fcfc0001
fefd00fe
fdfc00fe
0200ff04
04fdfcfd
fd04fcff
00fd0201
fe02fe01
02030204
01fcfdff
fd000001
02000404
04010402
fe0002fc
fffd04fc
0401fdfc
01020003
fefefd01
fcfe01fd
03fffcfc
fe00ffff
030001fe
02020100
fc010301
fd01fdfe
0201fcfd
fc0000fd
0204fcfc
ff030204
fd0004fe
fd03fefd
ff0203fc
ff02ffff
0402fd03
010301fd
0303fdfe
fc00fc04
fe0303ff
fdfd0301
fd0000fc
fcfc0001
02040102
fc030104
00fe00fd
fe03fffd
fc010300
ff0400ff
fefcfc01
0102fd04
0202fdfe
01000302
0402fd04
0104fd03
fc040201
fd000303
000401fc
00ff0400
0204fd02
0203fd01
03fd0400
000100fc
0304ff04
02fefd03
fdfdff02
fe03fd02
00fcfd02
fd000302
ff04fffd
ff00fffd
fc03fdfe
fcfdfc01
0303ff03
00040103
fcfcfe01
0304fd02
fffc00fd
ff00ff04
0104ff00
04fc0400
020202ff
fc040000
0201fd01
fe0203fc
fefffdfe
01000103
000103fe
fe03fffd
01ffffff
03fdfffd
fffd00fe
02020201
fdff0003
020400ff
03ff00fc
ff0403fd
030200ff
00fc0103
fefe0303
03ff0100
02fd0304
030004fd
04020204
0302fc04
fffffd01
fc03fcff
02000102
fe00fefc
0202fc02
04ff04ff
03fe04fd
01fd03fc
010400fe
fffffd04
ff0202fd
01fe0403
ff01fcfc
fe0200ff
03010300
03fcfd01
0101fcfe
03000403
fffffffd
0201fffe
fd04fc00
fd030101
000203fd
0404ff01
03fffc02
0104fcfe
fe03fffe
fc00fe04
03fefefc
03000004
ff03feff
fdfcff04
04fcfdfc
0202feff
030202fc
02030301
ff04fe03
fd01fcfd
fefd0001
fd040401
fd000100
0003fe00
fcfd0200
ff030302
02ff0404
00010003
fc000201
03ff02fd
0203fefe
fdfdfc00
fdfdfd04
04fcfffc
fe000201
02000401
fc0102fe
01020004
fcfc0001
0102fc00
fcfdfc04
fd02fefe
04fc0202
ff040104
ff020201
feff0303
fd010100
fe040203
01fffffc
0403fe01
fd0300fd
fefe0201
fd0401fd
03fe0204
fdfeff00
fefd0002
0302fd00
0102ffff
fd0004fd
fefdfe03
00fe0101
fd030303
03fe04fc
03ff0404
fe04ff04
fe0103fd
000403fe
ff000002
fefefe01
fdff03ff
0302fefd
0000fdfe
01fe0101
fc020001
fefdfe02
0304fcfd
04ff0100
fe04fe03
03030004
03fc0202
fefd0400
0104ffff
fd02fe01
fdfcfd00
04fd0301
000303fc
ff0202fc
02fd0003
040300ff
fd00ffff
02fcfe01
ff0203fd
fcfcff03
ff01fcff
02fcfcfc
ff0003fd
010202fe
fe010001
03030401
0304fc01
03040300
fcfefdfc
fefffd00
02fe0001
04000302
0203fd00
fd010402
fd0004fe
fdfdfffc
fc01feff
fcfffefe
fffdfd03
fd03fc00
fd04fe01
0402fefd
fd0403fc
fe04fdfd
0100fe00
03feff02
fcfc0000
02040004
fdff0200
fd020103
0003fdfc
fcfc01ff
01030200
fc02fc00
0403fe00
03fcfc03
0404ff03
fdff01fc
fcfdfeff
00fe0401
03020301
fdfe03fc
04fcfffc
fefcfc01
0003ff04
fe000103
fc030203
fcfd0203
0100fd02
ff0003fd
04000403
ff040103
000100fe
03fc01fc
fdfc0404
fefc0001
ff0304ff
fcfffefe
fcfd03fd
04fdfd00
01fd0003
ff0303ff
fffd0401
00040400
0201fe01
fcfe0303
01fc0003
ff0101fc
fefcfeff
04fefe01
01fffefe
fe04fffd
fd02fd02
0303fdff
02030202
0003fc04
fd03fcfd
fe04fffc
02ff0103
040004ff
0000fcff
fe02fd02
0003fe02
040203fe
02020200
fd00ff01
03fdfd02
030204ff
fc0100fd
02fe0004
01fe00fc
02fcfdfc
0301fc01
02fc02fc
0000fefc
01020000
040304ff
01fffc01
ff040204
000104fc
00fe0301
04fcfc03
030001ff
fc0304fc
fc03fe03
00010104
03000203
fefe0400
fffd02fd
ff02fe00
02fdfdff
fc030004
04fefdfe
ff04fc04
03010303
fffd0404
fe03fd01
0200fc04
fc020202
01020200
01020200
02fffc02
fd040101
030302ff
fefcfdff
ff02ff04
0003fffd
04040100
03030000
fe03fefd
fc03ffff
04ff0200
fdfd0204
04ff02fd
02020404
fd000203
fdfe0104
01ff03fc
fc01fcfd
02ff0302
030300ff
03fffe00
fcfefd02
fefe0101
000204fe
0203fe02
020101fc
02fffc00
fc030400
0403ff03
fffffdfc
03fefffd
fdfefc03
0204fffe
00fefc03
ff040202
04fe00fc
0201ff03
ff04fe04
fd03fdff
0201fffd
fc020200
fdfdfcfc
00ff00ff
fc0300fd
01fdfd00
fefdfcff
00fefe03
02ff04fe
01fe0002
020100fd
00040300
01020300
fefcfefe
01020401
03fdfeff
02fd04fe
010302fc
04ffff03
0402fd04
00040104
fefdff02
04fdfcfd
020300fe
03fefefc
ff010104
fe040403
01fd0201
02020203
ff03fffd
fd030304
01fffffe
00fcfd04
fdfffdfc
03fd0201
0303ffff
02fdfcfd
fe00fc00
fdff03ff
fffd0302
0303fd03
fffcfe02
00fe02ff
ff0000fd
0401fdfd
0001fffe
01fe04fe
02040003
fdfcfdfc
fe04fc02
fd00fefd
0000fcfe
02fcfcff
02020201
fc04ff02
fc0403ff
0400ffff
ff010303
ff0303fe
fe010402
fcff0101
fc02fffc
0300fcfd
ff00ff02
0203ff01
fd040200
fd010300
00fdfdfe
fcfdfffe
fffd02fc
fe0300fd
0200fc04
ffff01fe
fdfefd02
0300fffd
fe0303fc
02fc0104
fcfe0000
fcfd01fd
fdfd02ff
03fd04fc
04fd0000
0102fe01
fdfc0301
fe040302
02fffd02
03fe0101
fffd0201
03010302
fc0203fc
0101fefc
00ff0001
ff0000ff
010204fd
04010201
feff01fe
fc020302
03010203
000401fe
fd0303fe
ff020302
02fdfdfd
000400fd
ff030402
000203fe
0000feff
02fc03ff
fe02ff02
03fefc02
fe02fe04
00020304
ff000004
03fc0403
02fd01fd
fdff03fc
04000204
010400ff
ff000203
fe010000
fefd0400
ff0100fe
ff0003fc
02fffc02
fefffe02
0204fefe
02fd0100
00fd0102
02fdfc04
03030404
03fdfe03
fdfd0100
fe030302
0003fcfe
00ff00ff
ff03fc04
000301fe
00fdff00
fc0202fc
fc04fcfe
0202fd02
0304ff02
02fc02ff
fd020302
fd030400
fefd04fd
fd01fcfc
ff04fc03
ff0302fe
000104ff
01040400
fcfc00fe
fefe0301
fd0200fe
02fc0300
fdfc0202
040001ff
fefdfdfd
0204fc03
03ff04fc
fffcfcfc
01fcfe00
0302fe03
02fdff00
04020003
01000100
0000fcff
00fe0104
fe030103
0100fe04
04010402
fdfd00ff
fefeff02
00000100
0201ff00
04ff01ff
02fdfffe
04fdfd00
0003fcff
fefcfc03
030002fc
02fcfc00
fefcfe01
02040203
feff0101
fcfd0403
fdfc0402
04fefe02
0400fdfc
ffff0304
000004fc
fd02fe01
00feff01
00ff0402
01010204
fdfc0002
00fc04fe
ff030404
00010102
fd03fc01
0104fdfc
0100ff02
fd010300
feffff01
fffffefd
0202fdff
0401fcfc
0204fc03
04fd0401
00010000
010200fe
fe020303
0200fd01
ff02feff
010201ff
fc04fffd
0300fc03
00fd02fe
0104fc01
04fefc01
fcfcffff
03fc01ff
01030301
fe01fc01
02fc02fe
ff010003
fd010304
ff01fe03
fc03fcfc
01030101
04fffc04
fcffff04
feffff01
fdfc0400
fe030004
ff02fe03
feff03fd
000300ff
01fc01fd
fe03ff04
03030103
fe040201
ff040404
fdfe02fe
fefcffff
0202fe02
04030103
0002fcff
0301fc01
fd0000fd
fe04ff02
01fc0401
fc01feff
fc01fd00
01fd02ff
0402feff
0200ff03
ffff0404
fefe03fe
04020402
fefdff02
04fc0401
030203fc
fc04fc00
04fd02fe
fdfffc02
02ff02fe
ff04ff01
000002fe
030102fe
04ff0100
04000103
fe0400ff
fe01ff02
0404fe02
02000002
fe01fd00
02010203
01fc0402
fd03fc00
ff030402
02fcfdfd
fc010204
04040304
fd02fcfe
fe020402
030300fd
fdfd01ff
02ff00fc
fd000102
02fc00fd
03fcfdfd
ff0403fe
fdff02fd
04fefd03
03fffcfc
fc010000
ff040104
01fd0301
feff0201
020004fd
fefffefd
02fdfdfc
03fffcfc
fdfd02fe
0100fdfe
0202fd02
fffe0403
01ff02fd
fefdfdfe
0301fd03
0403fdfd
fcfd03fd
fd0001ff
020302fe
fe0303ff
fc01fffe
fc010303
fd0302fd
ff04fcfd
03fcfc01
0403fefd
0301fd02
03030301
0004ff03
04fd0101
feff0102
00fcfefd
04fe0400
010001fe
00ffff01
fd03fd03
01fe02fc
0304ffff
02010004
03040004
0001fd02
03000002
03fc01fc
fd020000
04020401
feff0000
fdff0301
fc0303fc
040002fc
00fdfc04
03010202
fdfdfd02
01fefd01
fd04fd02
fc020204
01ff0302
fcfefcff
fcfefe03
02fd0301
04ff03ff
04fffcfd
fc03fcfc
0104fc04
0104ff01
ff02ff00
0204fdfe
01ff0204
fffc01ff
03fc0204
00fd0401
04fc0402
fffe0203
fc02fffe
03ff0403
01ff0404
0101fdff
01020101
fdfc0302
fefd04ff
00040300
fffc0101
03020103
fffe0403
0304feff
fd03fd03
fd0401fc
fe00ff00
04fdfe00
0300ff04
0402fcfd
01fefe02
fe0204fc
fe03fefd
fd02fc00
fcfefe02
fe0404fd
fdfffcff
fcfe00ff
04fe0102
fcfcfffe
0302fefe
fc0001fc
fc0301fc
ff00fdff
030104fd
fdfd01fd
0203ff02
02040304
fe010201
04040303
fdfc00fe
00030103
fdfffc01
03fffffc
00fe04fe
00fd03fc
ff0004fc
fdff0204
03010200
fefd0301
00fc0403
02ff02fc
fe040401
0102fcff
00fdfd04
0202fffd
fe020400
fd0401fc
fffefc02
0201fe03
030104fc
0002fd00
0303fdfd
ff040103
020203fc
020403fe
00020201
fc0303fc
02ff0202
fe02fd01
03030300
02010002
0204fc01
030401ff
0401fdfe
04020202
0203fffd
040304fd
01fc01fe
fc0200fc
0000fcff
0203ff03
fdfd0203
01fdfdfd
fe02fd04
fcfd04fc
000103fc
0403fefd
03ff0301
ff01fcfe
ff030304
ff00fd02
0402ffff
fe03fd01
fcfffcfe
00fcfffc
fffdfcfc
02030103
0102fd04
fd04fd02
ff01ff03
000004fd
00030200
0403fc04
fc0401ff
03fe01fc
feff01fc
fd040302
00010400
01feff00
ff02fefd
fdfd02fd
010000fc
feffff01
0401ff00
fcfcfc03
0103fd01
0303fdfc
03020004
02fdfe03
fdfefe04
ff0300fd
fcfd0300
fdfffdfd
fdfffe02
03fc0104
02fffe01
04ff0104
04fefcfe
fdfffcff
0401ff04
020301fc
fd020202
02030300
fcfe0002
fd0202fc
02feff02
020302ff
fcfcfd01
04fe0404
0001fdff
01fd02fc
04fffffe
fefe0200
01fefefd
fc020303
fc01fcfe
01040100
fc0300fd
fe04fcfd
03fd01ff
ff02fe04
030200fd
00fd0202
fffc0104
0304fe03
02ff0301
fc010100
00ff0100
fd040302
040203fe
04fcfffc
030404ff
0104fe01
fefdff00
01ff00fe
02fcfe03
02ff0404
02feff02
04000004
fe03fe03
fc03fe01
ff02fd03
fe04fefd
04fcfcff
02fe0200
ff0403fe
feff0203
ff02fe01
ff0303fc
01030300
03ff0203
fd020202
0202fc02
02030101
0303fcfc
03030401
03020200
fffcfc02
00020302
03fd0100
03ff04fe
fdfe0200
fefc0203
fe0203fe
0403fe00
0200fffd
03fc0103
0102fc02
00ff0003
fc00fe02
fe0204fd
fe03fffe
fd03ff03
00fdfcfe
030203fc
fd030003
00fc04ff
02fcfe04
0104fd00
010100fd
ff00fd00
01fcfcff
fdfcfdfd
03fe00fc
fcff00fe
00fd0104
fd03fcfc
00fe03fc
0404fd03
fc00fc01
00010204
fcfe02fd
fd02fc04
02ffffff
fcfdfefc
fdfe0101
fdfdfdfd
fefd0204
fffc0003
ff0300ff
0300fcfe
fe03fc02
fc02fcfc
030004fe
fdfd04fc
0301fc01
fdfc01fd
040304fe
fe030404
fffe0303
fffffdfd
04fc0004
01fd0404
fe0304ff
fc0304fc
020303ff
0300fcfe
01000400
0400fe00
02fd03ff
0102fd03
01010302
feffff04
04fd03fc
02fcfdfe
01fc0201
010102fe
0304fefe
03fdfcff
fc03fefc
01fdfffe
02ff0004
0100fd01
0203fdfd
0100fd02
ffff0303
0200fe01
ff0403fc
ff04fdfd
0102fcfe
03feff02
fdfd04fc
fdfefdfc
03fcff01
ff03ff02
fffd00fc
ffff0201
0403fcff
02030301
01fe02ff
fdfc0304
fffd02ff
02040003
0001fdfc
fc040404
0304fc03
fe01fffd
fc03ffff
0100fc03
02020404
fdfffe01
ff020302
fc0202fc
04fe04ff
fdfd0400
01030100
fc010404
04ff0402
03fd04ff
02fc0101
020203fc
fc040404
fe000304
03fd0403
00020204
fe04fe00
0203ff04
0002fe02
02fe00fc
0201fd01
0400fd03
04fe04fd
0302fe02
0204fcfc
0302fe01
fc020403
0402ff03
fd040104
01fc0004
fd02fc02
0403fffc
fcfc0101
01ff01fe
0404fc02
02fc0001
0101ffff
02000400
feff0200
00030303
fc04feff
fffe0001
030404ff
fc03ff00
fdff0404
fefd02fd
fcfc0004
03fc0202
04000101
fe02fd02
fffcfe02
fffc0304
00000000
fcfffdff
010403fd
ff0400fc
fe01ffff
01010402
040303fe
03fdff00
ff04fc04
fefe03fe
03010302
000303fc
fffefcfd
fdfc04fc
01fefcfe
030303ff
00fdff03
fd040201
0104fefe
fd01fcfc
fcfd0003
02030002
fefe0200
fffc0300
fcfeff02
0001fdfd
fdfc00ff
00fc0202
fcfcff00
fffd0201
0200ff03
04fffd03
02fd03fd
030203fc
fffd01fd
020201fe
04fdfffc
fc030400
fefd0201
040303fc
02ffff01
fcfd0001
0003fc02
00030003
fe01fcfe
03fd0103
03fc0200
ff000301
fefd01fc
fffcffff
010000fe
0304ff03
040403fd
fe03fffc
fefefcff
01020303
04fd0401
fefcfc02
00fe01fd
fcfc02ff
fc040003
04ffff01
0000fc02
ff00fcff
03fe0301
fd000201
01030400
fcfdfefe
0300fd04
fcfcffff
01030004
fe0104fc
04fe0002
04010303
fd04fe04
fffe02fc
fffffffe
010403fc
0401fffd
fefc00fe
fd0004fc
01030004
fdfe00ff
fc03feff
fcff0302
fcfe0201
0303fdfc
fcff02fc
fc00fcff
fcfc02fc
ff000103
0301fc03
00fd01ff
feff00fc
00fc01fd
01fe02fd
fc010201
00fffcfd
04fc03ff
fd04fd00
02fcff03
fc020001
04040403
03ff0002
02fe0403
000200ff
00fefc04
01010002
020304fd
0102fe04
fc00fdfc
01040104
04fcfd00
fe03fefe
01ffff02
04000002
fe03fdfd
0000fd03
feff04fd
fdfefcff
fdfeff00
0304fffd
fdfc0103
040301fe
fe010302
fe00fc00
01fd03ff
0203fd01
01fefc00
ff0302fe
0101fc02
00fefe03
fefdfe01
00feff01
01fdfcfd
fdfefc01
04fffc00
fc00fffc
fdfefc02
0002fe00
fc0204ff
04fc01ff
0001fdfc
0000fd03
fc010202
ff01ff03
0400fffc
02040401
01fe0003
010104fd
fc04fe04
fc02ff02
ff04fffe
fe01fdfe
fffc0401
02fe04fe
020303fd
fd010102
02fc0204
0303fe01
030203fc
fd02fffd
03ff0200
03fc0000
fffc0102
0404fe03
fdfdfdff
030403ff
0303fdff
00fdfc00
02fdfe03
040001ff
fe0004ff
0101fefd
000300fe
ff04ff04
04fe0304
fffdfd03
03fe0003
fcfcff00
00fc0400
ff010402
fc03fd00
fcfd0100
01fe03fe
fffd00ff
fdfe04fc
fefc0404
0204fcfd
0101fefd
ff030100
fe02fc01
03ff04ff
03fdfc03
01020000
ff03fcff
fcff03fc
040302fe
0002fe02
fffe0400
fdfc0302
04fd0402
0402fffe
fe0400ff
fffd0403
fdfc04ff
fefcfdfe
fc04fd00
01fdfcff
0304fdfd
04fe0104
fdfc01fc
010004fd
fe01fffe
fd020202
040102fd
fffdfe03
01fcfe00
00040003
02ff0401
fc0402fc
0201ff02
0401fdfc
fffcfd01
fcfe0201
0202fc04
00fe01fc
fd00fcff
fffe02fe
fc01fe00
fe010002
01020200
fc04ff04
02fcfe00
02feffff
fefefc02
fc0403fc
fd00fffe
00fffc03
ff010100
04020402
02010200
0404fffc
0102fefc
fe00fdfc
ff04fc02
fefdfcff
00000001
fffe02ff
fffdfefc
01fc0204
fe02feff
03fc0404
00fefe03
03010404
fe03fcff
04fc03ff
020001fc
00fefdfe
00fdfd00
fe0403fd
fc040300
02000200
ff03fdfc
fcfe0403
fc00fe03
01000400
ff03fc02
fefc03ff
fd010100
0401fc01
fe01fdfd
0300fc02
03000204
00fe01fc
fcfe0003
ff020302
0302fcff
ff0303ff
fd04fdff
fd02fefe
fe00fdfd
ff04ff03
fc02fd04
fffc0404
fd040403
01030102
02fffe00
fcfffcfd
fefe00fc
fffdfeff
ff00fefc
020202fc
fcfc0200
fd010401
fc04fffe
00fe0101
03fd01fd
04fcfe04
fd01ff03
00fcfdff
fc010404
040304fe
fd000401
ff01fd02
0304fc02
020102fe
01fd04ff
00040304
0402fcfe
040302fc
fc000303
03fc0304
fd010201
fe020404
fcfe0202
fcfe01fc
04fc03fe
fe030202
02ff0300
fd04fd04
02010201
02fd0102
0004ff03
04020100
00fe0301
040200fd
01fd03fe
02fc02ff
01020303
fcff00ff
02010400
ff02fd04
02fc0200
0203ff04
fe02ff02
fdfd04fc
0000ffff
ff0304fe
fefc0202
fc000302
00fffcfd
01fc0203
0301fe01
01000104
020101ff
0401fc03
0203fcff
02fc0002
01000101
fe030100
fc040000
fe0301fc
fd01fe04
02fdfefe
00fd03ff
fefefdfe
0003feff
0201ff04
fe010400
010200fc
fffcfe04
fe01fd04
fd0301fd
0402fffe
0000fe00
ff04fe02
fc0404fd
010204ff
fd010004
fe010301
03040304
0300fdfc
fffe0104
fc0200fd
fe04fdfe
02ffffff
fcfcfdfc
fcfcfe00
02fe02fd
03fffd04
02010404
fc000101
fcff0000
02ff0102
04fc0202
0302fcff
01040401
03fc03fe
04fe0304
ff010201
fe0101fd
03fdff01
000400fe
fffd04ff
01ff0402
02fcfefe
01ff04fc
00fefc02
ff03ff03
0403fcfd
01040401
fd0302fe
fdff03fd
01fd0203
fd01fc03
fd0404fe
00fe00fe
03020403
fd04fd02
0403fcff
000001fd
fc03fc01
fc0002ff
03010002
02030104
00fc0002
00ff0203
feff0002
fd03fcfc
fd0403ff
fe040301
02fe03ff
ff010301
fcfd0103
02020200
03fefc01
fe04ffff
fe04fefc
02010404
fd0200fc
0204fffe
ff030404
ff020403
04030302
fd02fe00
01040103
000401ff
04fd03fd
03ffff04
01fffc00
04fcfe04
0401ff04
00fcff02
0004fe02
04fffdfe
fefe0400
fcfc03fd
ff04fe02
fe030003
02fd00fd
01000101
0300ff03
fd04fcff
0304fcfc
fffdfdfe
fc000402
01fdfc04
040301fe
ff0101fe
fffcfefd
fcff0303
02030303
fd01fd00
01020404
0100ffff
04fe0404
fd0300fe
000000fc
fefdff01
fefd02fc
03030102
02fc0203
04ff02fc
fc000302
00040202
01fefc01
0400fdff
fdfdfefe
040204fc
fd040300
fdfe0201
fd02ffff
00fffcff
0201fe01
fd02fcfe
0103fdfd
04ff01fd
02030202
0201ffff
0202ff03
feff0400
fefe0100
fe03fcff
00fe0401
fdfc01fc
fffdfeff
fcfe0104
01040201
ff02fdfe
0202fe00
00040000
00fe0401
fdfe0203
fd00fcfc
fffd0201
ff0004fe
fdfefc02
fd04ffff
fdfcfe01
00fffc04
01fefdff
ff02fffd
00fffd00
02fefffc
fcfcfc02
fcfdfcfc
fdff01fd
fdfc00ff
fd0201fc
fc03fffc
02fffe04
0203fffe
ff030404
fc010300
fffc02ff
0101fd00
fc0102fe
04fdfeff
fdfd0404
ffff0302
00030303
00000400
fcff0404
03fdfffe
00030100
0104ff03
fe01fefe
020101fe
fc0300fc
fefd0302
fdfc0400
0002fdff
fd030403
040002fc
04030302
0000fe01
00fe00ff
ff000202
03fcfeff
0301feff
fefffd00
00010204
03020301
ff04ff00
fefffc04
00030302
ff0301fc
fcfffffc
fd040103
0100fe00
fffc03ff
00fcfefe
0203fd02
010100fe
03fffd03
000403fe
01fefcfe
00040102
0200fefe
02fc0102
03fffdfd
fc0201ff
fefffe04
0304fd02
fdff0201
fd01fefc
fffefe01
fefefd02
fe01fefd
0304feff
fdfffefc
04fe0104
03fdfefc
fc03ff03
030200fe
02fefd01
01fe02fc
fc01fd00
fcff03fc
0103ff03
fdfefe03
0202fc04
01fc0400
fcfd0001
fcfd0402
04fffc00
010303fd
01fffeff
0204ff01
03fe03fd
fd030303
02fc0201
feff0002
ff03fcfd
fefcff00
000200ff
04fc0400
00fc0302
0203fc04
01fefffe
01fcfdfc
fffd04fd
0402fe02
0201ff02
fcfcff01
0202fefd
0404fdff
03fefe00
00fe0402
03ff01fd
01000300
fd020403
fffffcfc
02010001
fd0403ff
03fcfe02
fc010200
0402fcff
fd04fc00
fcfdfd01
fe04fd03
fd010200
fdfe03ff
ff00fdfd
010204fd
fc010104
fcff00fd
fcfdff01
03fe0404
04010403
00040304
fe010104
fcff03fd
0404fc04
04030200
02fcfd00
fcfcfffd
fd00fcfd
0000fc02
03020101
fcfd0301
fdfc0201
020202fc
030103fe
03fd0203
fffd0401
01fe02fc
02fd0302
fdfc0303
fc020001
04fdfc02
fe00fc00
ffff0002
fe010302
01000001
0201fd00
0000fefe
fdfdfc03
02000304
01fe04fc
0300fffe
0101ff01
ff0403fc
04fdfe01
ffff04fe
01fc0103
fe04fd00
03fc0403
feff0101
030104fe
fdfc01fc
ff04fc00
fd040304
fd00fd03
fc04fc02
fc020101
03fcfcfc
fe03ff02
02fffefd
fc0100fd
ff04fffd
020100fd
01ff0401
01ffff01
fefefe01
04fd0103
ff0402fd
0004fcfc
01020404
01ff0400
0100fe00
fdfc03fe
fcffff02
fdfdffff
fdfffc01
fc0404fe
0201ffff
00fe00fe
ff0201fc
fd04ff02
030302fd
0400fcfc
fffffd03
01010001
fffd04ff
fffffefc
fc040002
02fc0102
0200fe01
02040402
01fcfdfe
0104fe02
fffffd04
fd01fc01
fd01fc04
fefdfc04
fdfcfdfe
fc010103
fe0403fc
fefeff01
010003fe
ff02fc01
0404fc02
03ff0404
02fffcfe
fe00fefd
fefc0400
030103fe
01fcfefe
03ffffff
fcff0304
0302fcfd
fdff0101
0400fc02
03fdfe04
ff00fc02
030003fd
fc03fd04
fefdfffc
0102fdfd
fc0200fc
fe030002
fcfffcfc
fcfcff01
ff020201
02fdfefc
fdfdfefe
fd00feff
0101fdfd
03ffff01
04fe01fd
fe000101
0000ff02
020202ff
04fefeff
0304fe00
fe00fd01
ff04fdfc
04fefe04
00fc0303
fffd0302
0001fc03
02ff0003
fe010300
fd03fefe
ff01fd03
03fd00fd
fe020103
fc02fe03
fcfdfdfd
03010102
fc00fdff
fcff01fe
fd0404fd
04fcfcff
01ff0201
0403fe04
01fffefd
02020204
03fffc03
fefc04fc
00fe03fc
03fcfffd
04fcfdff
ff010302
04ff01fc
fe01fdfc
03fe0402
fffd02fd
03fefc00
02040100
fcfd0102
fcfd03fd
fd03fdff
03fe00fe
04030103
feff0303
03fe0400
fc03fe01
0403fe00
fe010204
03020003
fc0204fd
0402ff04
04fe03fd
fefcfc03
04ff03fd
00fcfefd
0401fefe
0304ffff
fc0101ff
fe0202fe
fffe0304
fc040404
03fd0202
ff00fefe
fffeff03
03020302
fe02fd03
fffd0100
03040300
04fffd02
fe01fdfe
000301fd
fd03fefc
fe02fe01
0402fd01
fdff00fe
fe020103
02010004
fffdfdfe
ff04fd03
ff0100fd
0003fe01
feff0001
0100fcfe
fdfefd01
0301fffe
00fc0200
fcff0402
00fcfd03
01030303
fc010300
fdfcfeff
03020204
fd02feff
00fc00fe
fdfc0300
02030404
0301feff
fd0402fd
fc040302
fcfefdff
fcfcfffd
03ff02fc
0401fffc
0003fffe
02ff01fc
03000003
fdfffc02
fdfe0103
fc04fffe
04fc02fe
fe01fd01
fe03fc03
fdff01fd
fd030004
fcfd03ff
02000101
fc00fdfd
fefeff03
fffe04fc
feff0000
02fd0304
04020002
fe03fefc
fd01fcfd
02020302
04fc04fe
01fc02fe
fdfcff00
01fe0102
fd00ff02
fe01fefd
fe040200
01fc0203
03010102
0002fdfe
00fe00fe
03fe03fc
0404fe03
0104fd02
fefcfcfd
0303fd02
020004fc
02000002
fc03fdfe
02fe0000
fcff0402
fc0000fe
0401fe02
00fcfdfc
fefcfd02
fffd0001
0201fefe
020400fc
02020004
fc020001
01fefe04
fcfc02ff
040303fd
fe0404ff
02020103
0204feff
00fd01ff
01fffffe
fe030104
0003fdff
fffdfcfd
0004fd01
01fcfcfd
010001fc
03fe02fd
040004fd
0400fd04
ff020004
fe0301fc
fefc0401
0100fd01
0403fc02
04fd02fc
0204fefe
fc0301fc
fdff0204
feff02fd
03fd00ff
02fd03fc
fefd01fe
fcfffcfe
fd01fdff
02fe0200
02fd02ff
020300fd
0303ffff
fc0203fe
00fe03fd
0400fdfd
fefffe02
ff010303
03020202
fd020103
fefcfe02
fc030304
fdff0202
0301fffd
fcfd0402
04020301
fefc0201
fffd01fe
020201fd
02fc02fc
ffff0002
00fcfefd
fe000304
ffff00fc
0003fffe
0404fffe
01fffd04
fffe0303
02fdfe04
020200fd
fe00ff02
0104fe02
ff02fc02
02010403
feff0401
0404fe01
0102ff00
000000fd
fcfffdff
fc0001fc
03fe04fe
ff00fe01
010000fe
fcff0100
03fe0304
03040303
04fd0400
04fc04fd
0002ff02
fdfffcff
00ff0003
04fd0402
03fffc00
0104fd04
04030302
fdfc0101
fffffc01
fd03fcfc
01fe0401
010304fe
fffdfc04
01fe02ff
0000fd01
00fd0202
0001fd01
01ff0303
0401ff00
040304fd
fe00fefd
0401fcff
0204fe02
0002fc02
03fe0102
0200fd01
00020201
00fd0002
03fefc00
02fd0400
02040004
ff03ff03
fe04fc04
04fd0301
03fd00fd
fffcfd03
0201fd02
04fffd04
0102fd04
fefe0000
ff04ff03
02fd0300
fc03fffe
fdfc02fe
0104ffff
fe010303
ff04ff02
040404fe
01000000
fcfc02ff
fe020400
04020104
01040101
03fd0200
fc0204fd
03000400
fefd0403
ff040203
fcfdfdfc
fefffefc
fcfdff01
fefd0400
04fefffd
fcfffc04
04fe0403
03fd0400
fc0304fd
03ffff00
feff0201
fdfc0002
00fc0203
010000ff
fd000201
02fdfc04
fe020202
02030100
fffefcff
0100fc00
030303ff
fd00fdfd
00000203
04fe0300
03010203
fffdfcfc
01000100
04fe0100
03020404
040400fe
03030200
04fffcfd
fe0201fd
fefcfd02
fefd0401
ff02fc02
00ffffff
feffff03
fefd04fd
ff030304
0103fd02
ffffff02
fcff0101
fe030402
fffffcff
01fefe03
fd01fc04
02ff0300
fd030403
03fe03ff
03fe02fd
04fcfd02
00040101
01000403
02000102
fdfefc01
fd03fd00
fdfe03fd
fffc0204
fe04ff04
03fe0401
02fc04fc
fe0202fd
fffd0300
fd00fe00
01fcfcfd
030100fe
00fe0304
fe040101
fe040401
fdff04fc
fffc0201
fcfe0400
fdfe0002
02fc0401
ff00fd04
fefd0404
0301fcfc
fd03fc00
ff030202
0303fe02
03020102
feffff03
0003fcfd
ff04fefe
fcfcff01
fcff0102
0204fd02
01000302
fe03fcfe
01fdfeff
0004fe01
04020004
03040002
fefffc00
040404fe
fd0004fe
fe010101
ffff0001
ff0000fe
fcfe02fe
fd04fe04
0101fc01
fcfeffff
ff0101fe
01ff0003
030002fc
fe0101fd
01000200
fe040200
01000002
01030001
02040201
02fc02fd
04020004
03fd0002
ff0400fd
fdfe01ff
fdfcff02
fcfc04ff
fdfdfe02
fcfe02fc
03fffc00
fcff03fc
04feff01
0304fefc
fffefefc
02fdfe02
020203fe
04fe0301
04030102
fc03fcff
fe030004
fdff0000
00030101
fffefdfc
00010202
01fffcfc
fc01ff02
000001fc
00fc0000
0100fe00
010201fd
04fcff02
fe0002fe
0001fcfe
ff0402fc
00fdfc00
01fd04fc
040304ff
fdff0400
fd00ffff
fdfd0102
03fffcfd
000101fd
fe0402ff
fd00fdfe
fc00ff00
01fdfd02
0301fefe
fc03fd01
ff040104
fffd0001
fd0100ff
fd0200fd
01fffffe
00ff0400
03fc02fc
0402fcfd
02fffeff
fcfdfe03
fe01fc01
feffff04
fd04fffd
fdfcff00
00fd01fd
fd0104ff
020403fe
fcfcfc02
02fd0203
03fcfd00
00010400
04040203
fc010003
0001fc02
01fc0402
000401fe
fefcfd00
fe040202
ff00fdfe
fcff03fd
0404fc03
01fd02fd
fd04fc04
fc01ffff
fe020202
02fd04fc
fffdfd02
04fefffe
fffc0400
03fe00ff
030001fd
fe0201fe
0102fd01
0200fefe
fdff00fe
ff04fe03
fd03ff03
ff0203fe
01fd0100
ffffff04
fcff00fe
030102ff
0304fefd
fe040204
01030304
0301fcfd
01fefdfd
01fc0404
04020101
010400fd
00fe0103
fc0000fe
ff02fcfe
fd0200fd
04fefffe
03ff0302
fefcfefc
00fe00fe
ff02fffc
03fe01fe
fd040200
04fffdff
ff0101ff
fdfffdfc
ff04fcfe
04ff03ff
fc000204
0204fc02
fd0100fe
fe0402fe
fdfdfefe
04fe04fe
fffffdfc
04fc0201
fd02feff
fffcfefe
00040304
0404fd04
04000404
feff04fd
02fc03fd
0200fffe
ff020103
0001fc00
fefc0302
fd03fffe
fcfcfefc
04040404
0304fc03
fd00ff04
01010203
fc04fc04
000400ff
fcfffdfe
04010100
fefd02fe
fefcfd03
fc02fc00
0301fd04
00fffcfe
fffc03ff
01010403
fe0403fd
ff040301
010302ff
fdfcfe00
0204ff01
fdfe0302
0302fdff
04fcff03
02030102
01fc0303
0200fefd
00020103
01fe0300
000003ff
ff010301
00020101
fd0201ff
0001ff01
00fc03ff
03fffdfc
00030303
fd03ff02
03040304
04fcfe04
040203ff
03040102
fe0104fc
03fc0200
03fdfd02
fe040103
fffefd02
fdff0300
03040001
000300ff
0001fdfe
fcfdfd03
030003ff
fc02fd03
fc000300
03ff0403
fefffefc
020004fe
03fd01ff
ff0402fe
01fdff01
fe0002fc
04fcfdfc
fd0304fe
0203fd00
fc0000fd
fefcfcfe
03fd0200
00ff03fc
fd000403
fe0100fd
fffe01fe
0001fdff
fc020103
00fefcfd
fffdfcfc
fcfdff04
01040404
fcfc0301
fd0402fc
03fffeff
fcfd0304
01fc00fd
fc000300
fefd02fc
04000403
03ff04fc
04ff0001
04fffc02
fe04ff01
fffe00fc
fcfcfd01
01fdfd00
03fc03fe
fefd03fd
01fefffd
03fdfdfd
03fc0204
fe0202fc
030101ff
fcfffc00
0102fffd
fefdff04
fffcff02
02020404
02010404
0402fffe
fc010304
040104ff
fd0101ff
ff00fe04
03fe00fe
04fe0002
010003fc
04fdfc03
0400fcfc
0201fe04
00fe04fc
ffff04ff
0100fd00
fd0102fe
fefffd03
fc010202
fc0001ff
02fffc04
fe04fdfd
ffff02fe
fefc0000
0302fd02
feff04fe
fefefcfd
0203fdfc
01fffcfc
02020304
0002fd02
fdfd0304
01010302
01fdff00
fd01fcfe
03fefffc
fcfd0200
00ff02fc
fdfe0104
fc020401
ffff04fe
04fdfefe
fe03ffff
04fcfc00
04fc0403
fcfc02fd
010303ff
010304fc
fdfc0403
fefd0402
fe03fffc
fc010400
00040302
ff01ff02
03fcfefc
04ff0301
01fcfe01
04ff00fe
fd0301fe
fe0301fc
fcff01fc
040300fc
fc010301
000002fc
ffff0101
03030200
fd03fe03
fe0101ff
0404fe00
fdfc0404
feff00ff
00fe02fe
0301fffe
0202fd00
02fe0204
03020303
ff0201fc
fc020403
fe030103
00040304
fcfeffff
020203fc
020400fc
fd03ff04
fdfdff00
fe01fe03
04fe03ff
fd01fe03
02000103
fcfd0403
fc040202
ff00fefe
fe000200
fd02fdfc
fffdfeff
00fffcfe
fe0203ff
00fdfe04
03fd01fd
01fdfdfc
fd04fd03
0102fe04
fc00fd02
00fcff00
fdfefe03
02040002
fcfcfe02
01020104
010302fc
fe0003fd
01000104
0402fe00
fc02fefe
fd0103ff
fe00ff02
0103fd01
fefe03fc
0201fc01
fefe03ff
0104fdff
0404fe02
fe040404
0300fc01
fefd0101
04fcfd03
04fd00fd
03fe0400
ff01fefe
00fdfdfe
ff01ff04
fdfc04fd
00fcfdfe
fd0300fc
02040004
030002fe
040101fe
fefefcff
fd01fcfd
01010303
fffcff03
00fcfcfc
fc0002fe
fdff0001
fdfffc04
fffc03ff
fd0001fc
fcfd0002
fefd03fe
04fc0302
fefd0202
03fdfd03
03ff0004
02040300
fffd03ff
01010203
fd020202
ff02fffd
fe0403fc
fcfcfe00
fd04fc02
03010402
040102fe
fd00fd04
fd00fc00
02ff04fc
fd000400
fffd04fe
01fdfcff
030402fd
04fe01fc
fdfd0401
fffefe03
fefd04fc
0101feff
0401ff03
03010100
fefeff00
fc01fefe
0001fffd
020101fe
04fd0004
030103fc
03ff0300
ff03ff00
03fd0000
0103fffe
0403fd01
04fdfcfe
0003fdfd
ff00fcfe
fcfdfc01
fd03fd02
02fe03fe
030104fe
fefcfe03
00fe0002
040101fc
fc01ff04
fc01fc04
02fe01fc
010400ff
fcfffdfe
fd010404
04ff04ff
02ff01fd
04fc04fe
fdff03fc
fcfc03fe
01fefe02
00fcfdfe
fffffefe
01fffefd
02fdff00
02fc0302
0004fe03
030203ff
fffe0402
0104fefd
fc01fefe
fd03fe00
04fefe04
fffd00fd
ff0203fc
02fdff00
04000302
010201fd
fdfcfefd
0303fdfd
030401ff
feff0001
04fe03fc
fffc01fd
fdfdfdfe
0402fc02
fd0401fd
000101fd
00ff0001
fffc0004
fc0402fc
fefd0301
0202fc01
030203fc
03fe04ff
fffe0100
020404fc
00010203
01fcfc04
0102ff04
fe000103
0301fc04
0000fc02
000104fe
ffff04ff
03040102
00030003
fefdfcfe
fd02ff00
ffff04fc
01fc0002
fc04ff03
00fe0001
fc0301fc
01fe01fd
04fdfdfe
00fe03ff
ff040301
03fe02fe
fefcfd03
fd0201ff
02fc0002
02fd01fc
ff0102fc
03020004
00fe0102
fdfc03ff
fefc01fe
ff0304fd
03fd04fe
0204fd04
ff02ffff
0002fc02
04fdfd04
fc03fc01
04040104
00ff0201
000104ff
0401fc04
040000fe
00fdfcfd
000403fd
fc000001
0404ff00
010003fc
fe04fe02
0300fd03
fc04ff00
01000100
0400fcfe
00ff0400
fefc02fe
fd0000fc
fe000304
02020201
fc020200
01040101
fd000002
01ff0204
0300ffff
fd0303ff
fffdfd04
04fdfd03
fe020004
01020400
fe030001
01fc0204
040204fe
01040400
02010202
03fe0400
fffe0101
0100fd01
0400fdff
fd03ff01
fefefdfe
02000301
03fc00fe
fdfe0202
fdfcfe04
fd0003fe
0304ff01
02fffc01
03fdfdfd
fdfdfd00
01fc0303
01fe01fc
0200fd01
020303fe
02030104
fcfefc04
040101fd
01fd00fe
fe02fefd
010000fc
01ffff02
00fe0404
0404fc02
ff000202
04fdfcfd
03fd0000
02ff0400
0201fd03
0203fefc
fe0200fd
0200fefc
00fffcff
fdfdfe00
fd03fe00
fcfc0404
010100ff
0400fffc
fcfc00ff
fd03fffd
fdfefdfc
fe000301
fc01fd00
fefdffff
03fefdfe
fc00feff
04fcfe00
fdfe04fd
03fe0403
fd0402fe
fe020003
03000101
0100fe00
ff0003fe
04fe0103
0001ff00
03020403
02fffe02
fe000002
0403fd01
03feff03
0303fefe
fe0303fe
02fc04ff
0200fe01
01fe02fc
fdfcfe04
fc0402fd
fdfdfdfc
fdfe0100
02030402
0300fe02
fffdff02
fc0401fd
00010300
fc0200fe
ff0200fc
04030000
010401fc
ff00fcfc
00010300
fdfd0302
01fffdfe
04fcfd00
fffc0202
ff0201fe
fdfc0101
040404ff
03ff01fe
03fcfffc
01fcffff
fd010200
04040001
00000003
fdfffffc
fcfdfcfe
02fffe03
fcff00ff
0403fe03
fd040204
fc010103
03030201
03000202
03000401
ff02fc01
03fefffd
03040203
ff04ff04
ff00fe00
01020003
0102fdff
0100fdff
02fcfdfd
fefffd00
fe0200fe
fcffff03
00ff0204
fcfcfc04
0303fffd
ff0301fe
fd03fc03
04fc0101
fc03fcfc
0001fcfe
00fe0304
04fcfdff
02fd0100
030304fe
03010202
00fe0102
000203fc
02fdfefe
fdfefc04
fc030300
030301fd
fcff04fc
000404fd
0304fdff
0403fd00
01000302
fc02fcfe
fc00ff00
fc04fffc
fdfdfe04
fe00fc00
fc0403fc
04ffffff
0402fefd
fcfd0103
03ff0401
00fefcfd
fc02fd04
fc0400fd
fd00fe00
02040400
fd010404
0004fe04
00fe0201
03fffe03
fc0301fe
ff040102
fefefd04
fe040202
fc02fd01
fffefcfd
ffff02fe
fdfefdfd
0203ff02
fc0300fd
fc040303
040303fd
03fe0102
0201fefe
04fc04fd
0304fdfe
0102fc02
0303fdfd
fefffe03
fc04fdfc
02fefefd
04fffd01
fe040400
00fffc04
0201fdff
04fe04fe
02fefe00
00fe03fd
04010000
02fffcfe
01fcfc01
0202fd02
fcff04fd
02fd0004
fc000204
00fe00fe
fc0200fe
010300fe
03fd0301
02fdfc00
030203fd
fcfdfcfc
ff0302ff
fd01ff03
01fcfcfc
fefefd02
fdfcfefe
fe04fcff
fdfe0301
0200fc02
01fffe01
00ff0303
fdfe0200
0203feff
01ff0400
fd000302
0203ff03
04fcfc04
00010301
0402ff04
02fdff04
fc040303
040404ff
02fc04fd
fe0302ff
fd0200fd
02000104
fdfd00fe
02010202
03fc0001
fefdfc02
000104fd
030202fd
02ff04fc
fc0402fc
01fffdfc
fefdfe04
0003fe01
03fdfd01
0304ff00
03fcfd02
020001fd
04fdfcfd
03ffff04
ff020102
02fe04ff
fd01fdfc
fd0403ff
fd04fcfe
fdfc0203
0202fcff
02feff02
fe0000fe
feff03fe
04fd0102
0400fffd
fffefe01
fc03fe01
fcfffefc
fefc00fe
0400ff03
03fd04fc
03fe0300
fe020001
03fe01ff
fd0303ff
03fdfd02
02010403
0104ffff
fe010303
0303fc01
04fcfdfe
00fe01fe
fffe0100
01000003
fffc01fe
fd040201
0400fd01
02fdfd02
fdfdff02
0002ff02
fcfd0402
fe0204fd
fe04fefd
0301fefc
fefd01ff
0301fc01
fefc0400
fd03fefe
0403fd03
ff0002fd
01fefc04
01fefe01
fefd04fd
02ff02fe
01ff0103
01fd02ff
fd04fefe
fc0203fe
fd02fffc
02030104
0402feff
fffefd04
fe02fd00
fcff0300
ff0201fe
010304ff
01fc04fd
02fe00ff
fd01ff01
fd040201
fcfe0303
0100fcfd
fdfefcfc
04fc0203
04ff0202
01fe04fe
04fc0403
04ff01fc
03fefd03
fe0303fe
03fc0000
fd03ff03
04fd02ff
04fcfefe
fdfd04fc
04fe0204
ff02ff01
fffd0401
fc00fffd
fd0002fc
0004fd02
00fdff04
040202fe
fdfcfefe
040000fc
0303ff01
020002fc
01fffe01
0400fd00
0301ff00
ff040100
0203fd02
fffefcfc
fe04fcfe
0201fc02
00000001
fdfdfeff
fffdfefe
04fffcfe
fcff0103
0201fc00
02ff03fd
010104ff
01feffff
fd02fcfc
ff000302
fc00fefe
fefc00fd
04010201
ff01fdfc
0300fe04
00ff0304
fefffffc
0400fe01
fefdfc01
fc04fd03
fdfefcfc
fc02ff02
010003fd
fe040101
fd030001
fcff02fe
0000fc02
fe00ff01
feff0101
00fd0100
0202fcfd
02fc0002
fcfcfe03
ff000402
fefcfcfd
fc00ff01
03ff0001
010002fe
fdfffdfe
02fcfd02
0002fefd
fc020000
010304fc
fd01fefe
fcfd03fc
fffdfc04
fe010004
0304fffd
fefffc04
00ffff03
01fd0400
00fe0000
ff0202ff
fc020004
0300fefc
fd04ff00
000404fc
ff01fefd
00000203
0401fd00
fd0101fd
fd0001fc
0100ff00
fefffefe
fdfe0302
fc0200ff
01fc02ff
ff040101
00ff0004
fd01fefe
04fffc00
fcfe0001
04fdfcff
04fcfdfe
01fffe02
02fc03fc
fc02fffc
0000ff01
02000200
02ffff03
02fe0203
020001fc
ff020003
0203fd03
03fc03fe
ff0303fe
fdfefdfc
00030401
ff0104fd
0102ff02
00fe0302
0101fdfd
00ff04fc
0202fe03
02fdfffd
fd01fefc
000302fe
0204fefc
fffe04fe
fc0302fc
fc040002
02fe0300
ff0103fd
feff0402
02010204
0104fdfc
03030000
ff0000ff
fd02fd00
02fffeff
ff0403fc
fd030302
ff0401ff
00ff0302
fe01fefe
03fdfd04
fe020001
fe0000fd
02010102
03fe0000
04000203
03fcfffc
fe01fffd
fd03fdfe
04010004
fe02fe02
fefcfefc
fe04ff00
fffc0104
02fc0202
0003fd04
04000404
0104fd02
fcfc0402
03fc0402
ff030002
04fe0003
00fc0303
02fd02ff
0304ff00
fffefd02
fefc0200
ff04fc03
01fefc04
fcfefdfc
fcfc0402
04fe00fc
010002fe
00fe0200
03fdfe01
fc04ffff
fefd0301
fffefdff
fcff04fc
03fd04ff
ff020401
fd04ffff
03fe04ff
fe030102
04fefcfc
fdfe0004
0400fcff
fd00fffd
03fd02fc
010002fe
0401fdfc
03fffc00
02fdfefd
fffc01fc
fdfc0102
fcfdfffd
fefffd03
fe010000
fc0300fd
fffdfefd
fcfd01fd
02fcff01
fcfdfefc
02fefeff
04fd00fc
00fffcfc
ff0202fc
0400ff03
03fdfd03
fd040203
04000300
01030304
fc010303
ff030204
fefc03ff
fd0302fd
03feffff
fc00ff03
0203fcff
ff00fc01
030202fe
fd0303ff
03040400
01fc0003
0100feff
01fd00ff
fefcff02
0404fc01
ff03fe04
01fdffff
fd000401
030201fe
010404ff
fe00fdfc
fd0002ff
02040104
020104ff
0304fe04
fe0304fe
0201fffe
fe03fefe
04fdfffc
0200fcfe
00000300
00030400
020004fd
fc02fdfe
01fefe00
01fdfdff
00fe0402
000100fe
fcfc00ff
fe0300fc
fc020303
fffd0000
020401fd
fd010102
fd030403
0104fcfd
fcfefefc
010200ff
fdfdfd00
ff030203
ff0401fd
0201fe00
0301fc01
fd0001fe
ff000403
01020101
02fcfd02
fe00fc02
fcfffdfd
fcffff00
fd010104
040100fe
010302fd
04fcfe04
fe020103
02fe00fc
fc03fdfe
ff04ff00
03040104
02040102
fdff00fd
01fe04fc
ff00fffe
04fe00fc
fefcfc02
00ff03fc
fc000003
0200fefd
0301ff01
0304fc04
030304fc
fdfcfeff
02fd00fe
fc00ff01
fcfd0201
03020003
fcfc04fe
ff030103
fe040300
00000102
01fe02ff
03fefe04
fcfffd00
02fc0200
02fc0204
fd01ff04
fefcff03
03020404
03ffff00
fdfefeff
04fd0201
fd02fffd
ff0304fd
01fd0000
fc04fd01
fffcff03
01fdfefc
02fc0303
030001fd
0004fcff
04fefffe
fd02fe00
fe02fc04
0402fefd
fefc03fd
0201fc02
fefc04fe
ff000300
030104fd
ff00fe04
03fe04ff
0303fe01
fc020300
00fefdfc
ff0300fd
fd0101fc
04fffe03
04fe04fd
0400fcfe
fe030300
ff03fc01
03000201
04030000
fd010401
01010203
010003fe
01040104
fffc0000
03fd0404
0304ff04
fe01fcfe
fe04fcfd
010102fe
0401fcfd
00fe0401
fdfcfefc
02fd0302
00020101
02030304
00fd0400
0000fcfe
03030401
00fe01fe
01fdfc04
02fffffc
fdfdfd04
0102fd01
fefe02fd
0202feff
00000303
fc0200fd
01fd01fe
0300fffd
fc04fe01
fdff00fd
00fe04fe
0203fe04
0300ffff
01fcff02
0301fcfc
fdfd0304
ff00fffc
fcfc00ff
fdfc0103
03fdfc02
00030204
fffc03ff
010002fd
ff0004fc
0302fdff
fdff02fc
fefcfd03
02fdfd00
030202fd
fc01fc00
04fcfcfc
04fefe03
00ff0001
00ff04fc
0202fc00
02fdff04
04ff03fc
ff040403
fe0000ff
04030302
04fc02fe
00fdfc04
0403ff03
ff010303
ff00fefc
fd01ff02
00fc0101
00ff00fd
01010001
feff02fd
01040103
02fcfcfd
04fd0002
0403fd00
0300fc03
fe000100
030400fd
fffefd04
02fefcfc
fd01ff00
fd020003
02fd01fe
fc0404fc
0200fffd
02030004
fc040104
0202fdfc
fc000000
fe030400
03fe04fc
fe01fe04
fc0404ff
fd01ffff
fe02fd03
04040203
010002fe
fe03fd02
fe03fefc
04ff0402
fdfdfcfc
fe010104
04ff02ff
ff010400
fefefcff
01030000
ffff0400
01010402
02fcfd00
fd0002ff
02fcfcfc
fc0001ff
fe04fc03
fefc0202
01fefffe
ff000004
00fffffd
01020202
fd01fd00
01fcfd01
00fc0202
ff00fc01
fcfd01fc
00fdfe00
fe030200
fd030401
02fffe04
04feff02
ff0202fd
0201fd02
03030202
000100fe
00030301
02fcfffd
04fe00fc
04ff03ff
fc040001
fc020301
000402ff
02010203
02fefc03
00030200
ff02fcff
00ff0404
fd000201
fc00ff04
fe00fefd
01010304
fcfd04fd
fcfd00fc
fdfc0402
fdfe0103
0200ff02
fd04fc03
00000300
fd030100
01020301
fdfdfc01
fc03ff03
fc02fcfd
0204fdfe
fefdfe00
00fefd04
fdfe0002
03ff00ff
01fefffc
00fcfc00
fefefeff
00fefd02
040304fe
fdff0102
fd0301ff
0300fcfd
ff0300fd
010101fd
fefefffc
03020101
01000000
ffff0104
00030202
ff030003
fc0001fd
fe0302fc
fffdff03
ff00fe01
fd03fd02
fffc0204
03ff04fc
fefcfd00
0001fd00
fffd0302
00fd0303
fd020402
00fcfc00
010201fd
04fe0302
030304ff
fd030304
01040302
fffefcfd
0202fc01
01000201
01fcfe01
01020303
fc030000
fffc0004
fffc0402
fdfffe03
00fd0301
fc040000
0202fe01
fe030400
0104ffff
04fc04fe
fc030404
fd0402fd
01030402
01fdfd03
02fdfefd
fd04fdfc
0104fe02
0303fd01
fe0401fd
04fe0300
0101fffe
01fe0303
fc02fd03
01fc04fc
04000302
fffe0402
01feff00
01fc0300
03040300
010400fd
fd000404
02fc0301
ff000203
fd030000
0000fd02
020400fc
03fd0200
00fcfdfc
fc0002fd
0301fc02
04fe03fc
fd03fd04
02fc0003
02fe00ff
fc02fc02
00010300
04feff01
02feffff
00fc0201
fd0102fe
fc01ff04
0403feff
0000fdff
fd03fe02
03040003
fe0100fc
fdfefc00
fd02fe02
00feffff
ff02ff02
01fd0200
fd0001fd
fdfeff00
03010302
02010303
fd040202
0003fefd
0103fe04
00fc0204
fc0401fc
fcffffff
fefe0402
0102fffd
04fe0204
fe0200fd
fdfefffd
00fd00fd
fc0003fc
01fdfdff
0101fe00
fffd04fc
fc03fe03
fcff00fd
fd00fdfd
fe010303
fffcfdfd
01ffffff
fffffeff
0402fffe
fefc0303
ff0304fe
fdfd00fc
ff03fcfe
04fffffd
fc010103
fc010301
fd030003
02fcff04
020202fe
0001fdfd
fc010202
04fffd03
fffd0100
ff030103
03fd00fe
0203fc04
fffffcfe
fc020301
fe02fcfd
fcfefc02
fe0404fd
fefcff02
ff000300
0200fc01
00fcfcfd
04030104
02feff00
fdfcff02
03fc04fe
fd040000
02fffc03
0203fc04
fdfc0102
fc010202
00fe04fe
040304fc
03000402
01ff0304
0304fc03
fefcfefe
fd010403
010001ff
0001fcff
0103fd04
02fffd04
01fc0201
fd00fdff
fdff0401
fcfdfd00
fcfdfd02
03fc0302
0101ffff
03fe0004
0301fd01
fcfcfcfe
fe0302ff
fd02ff01
01030001
03fefffd
0403fdfc
040400fc
fdfd0401
ff02fe04
fd040203
0400fdfe
0200ff03
fffdfe00
01000202
00fe03fc
0000fdff
00ffff01
0203fcfd
04fdfd00
04fffcfc
fe0100fe
0300fe03
010004fd
0401ff00
fd03fefc
02030303
0300fc02
010204fc
fd0301fd
02000403
01fc0303
0401fdfe
01fffd04
02fdfcfe
03fc01ff
01fd01fe
04fefe04
03ff0202
fd0001fd
03000402
01fd0400
fffefffc
0402fd00
fe0004fe
fe04fe03
02fffffe
03fc0000
03fdfefc
0202fefd
fd0001fe
00fe02ff
ff02fc03
fefe0100
fdfe0300
fdfe02ff
fdfe03fd
02020001
030403fd
fc03fe02
04ff0202
fefdfdfe
fcfcfffc
fffd0103
00fefe01
fe020403
fc0401ff
fdfcff02
fd00fdff
ff0301ff
02fcfffe
0400fe02
fefd02fc
04ff0403
fefd04ff
03020302
03030401
fd03fc03
040002fd
ff0101ff
fc01fefd
fcfdfefd
fdff0302
fd0200fe
0400fc00
04fffe01
03ff02fc
03fefdfd
fdff0102
ff0103ff
fcfe0400
ff02fd00
fffcfd00
02fc0004
ff040400
000004ff
fd01ff02
00fd02ff
00fc0300
0003fe01
fc00fcfe
fdfd03fe
01fe00fd
fe010402
fc010400
0204fc02
ffff0103
fffd01ff
fcfffeff
fc01fcff
fe01fd01
fc010404
fefe0301
0400fc02
00fdfd01
01040004
02fffffd
0103fc02
040301fd
01fdfdfc
fffcfdff
fdfe01fe
00fdffff
ff03fefe
fefffc00
03fdfefd
01ff0001
0102ff04
03fdfefd
03fe0004
0400fdfe
fd04fffe
fc0202fc
04040300
010102fd
0203fefc
04fcfc04
02fc03fd
fffe0302
0401fe00
02fffffc
fcfffeff
00020300
fdfefcfd
01ff04fc
01fc0003
fe03fffd
0201feff
03fefc03
00020204
00fe0302
01000204
04fe01ff
ff00fefe
02fc03fc
fcfd0404
ff020000
fffdfcfe
fe020001
fe02feff
030204fd
fc01fe01
00fc02fe
0201fcff
04fc00fd
fc040400
fcfefd02
04fffe00
04fd03fc
fcfc0102
02030202
01fcfd03
fe02fd00
fdfffc03
fdfcfe04
fefe0300
fdfd03fd
feff02fe
fc03fefe
04fe04fe
030303ff
030301ff
02fefcff
fe0102ff
0002fdff
fc0003fc
01020203
fffe0401
fffcfe03
02fe0204
ff0400ff
04030000
0400ff03
ff0104fd
02fdfdfc
01fcfdfd
fe0404fe
fc010002
fc03fc00
04fe01fd
fc0404fe
010404ff
0300fd04
fffcffff
01000402
ff030003
fc020004
fd020000
0100fd02
fd010204
fd04fc02
ff03fe02
fc04fcfc
00ff0302
feff04ff
fcfe0304
01fc0300
fe0403ff
0004fc02
fe0104fd
fc0201fc
fffd0403
02fe0202
03ff0200
03fc0002
fcfc0204
fe000000
fd0204fe
fefd0104
02fe0101
ff04fefd
04ff01fc
fefffd02
0102fdfd
feff0001
01fffc00
0401fe03
0204fdfe
03fd0300
fcfdfc02
fdfd03fe
fc01fc04
0202fe03
0404ff03
fe0302fd
fdfe0101
01fd0103
ff0103fd
01000004
0202feff
030104fd
fe020404
fcff0202
fdff00fe
fc0402fe
02040401
fe01ff03
ff01fcfd
010103fe
01fd0103
fe04fdfc
fffcfcff
02fe02fc
01030102
03000300
03010102
ff0003ff
fe000002
fd04fefd
04030301
fcff0302
0002fefe
fffcfc00
fd0304fd
04fe04ff
00fc0201
03fdff03
fd020401
00020204
0003fd04
04030200
fdfdfc01
00030104
fe0102ff
fffc04fc
fd03fcfd
fefefffc
040104fe
03020001
01000001
04030404
fcfd0401
fc01fc00
fd03fc00
fc0002ff
fffd0301
fefdffff
01fdffff
020302ff
00feff01
01fefc00
fe0100fc
ff0203fd
03fd04ff
fffeff03
fc0100ff
03fefe02
01fcfd00
03fdfc02
fe010101
fc02fc01
fdfdff00
04fffdfe
00ff00fe
04fffdfe
fe00ffff
fcfc03fd
ff04fc00
fffd04fc
fc02ff02
0304fefc
00fcfd02
00ff0404
04010102
0204fffe
fd04ff02
ff02fc04
03fc04fc
00040203
03ff0002
fc0100fc
00020404
fe02fc01
00fcff04
00030301
020004fc
04fd00fe
0400fe04
ffff0303
010301ff
fd00fe04
fe020401
fc03feff
000102ff
fe040304
fd03fd04
0100fffc
030104fd
fcfe0002
ff000100
fd030103
03fefefc
fcfdff02
01010303
fe01fcfe
feff01fd
fc0102ff
01040303
fe01fcfc
fc00fefe
fe04fdfd
02fc0400
fdff02fd
fefc0001
0403fdfc
04010200
03fcfc00
02fefc02
fe01fdff
fefffd03
0400fc03
0303fe04
ffff04fc
0301fd01
fcfc04ff
03fdfe01
02fd03fd
fcfdff03
02ff00ff
fe00ff03
fd0004fc
fc000100
04fefc04
02fefd03
0300ff01
03020403
0000fe01
020304fe
fefcfd03
0304fd01
020100fe
01fc0403
0003fdfe
ff020304
fd02ff00
fdfc00ff
0204fe03
03fefe01
03fd0202
fe020200
02fdfefc
030003fe
02fc0204
03ff00fe
fffc03fc
00ff02fc
00010402
fc03fd01
0003fd03
02fd03ff
fdff01fc
ff03fffe
fdfdfd03
feff00ff
fc04ff03
ff030303
00030102
fd01fdff
03fffe01
0002fdfe
00fffdfd
fe0000fd
fd040103
fefd03ff
fc0001fd
fc040401
fefefcfc
feffff01
ff01fe02
fc02fc02
00030404
fdfdfe03
040202fe
ff03fcfd
030303fd
fefdfd01
fd04fc04
04fcfffc
02040103
02010004
04fe0100
02fc01fe
fd0402ff
fffc04fd
04fefc04
fc030104
02ff03fe
03030200
04fffd01
0004fdfd
01fc0103
ff0001fc
01fffd02
fefcff03
ff0001fe
fcfd0100
ff02fc00
0203fd02
ffffff03
00fefeff
0404ff00
0304ff00
03fdfd01
fdfdfe02
0304fe03
03fffc03
01fd0300
fdffff02
fdfdfefe
fc0302fc
00fdfffd
040101fd
01fcff01
fd000004
ff00fdfc
02010200
020303ff
fffc0300
03fe0302
020100fc
0301fc00
fffffcfe
0302fdfe
0300fffe
fcfcff02
fe01ffff
030302fc
ff0403fd
0104fd02
02fe0401
0103ff02
fd020301
04fcfcfe
00ff0102
0204fffe
fefe0100
fc030402
fd040401
fefd00ff
0204fdfc
feff0000
04010103
fffcfcfc
ff0301fc
fc01fc01
fcfe04fc
fdfcfd02
fdff04fe
fd02fc00
0004fe02
01ff03fd
fdffff02
0001ff04
0102ff04
fe01fe03
030200fc
fe0304fc
04fcff04
fe0300fd
01020302
03fe0202
fd0003ff
0203fdfc
fcfc04fe
03fe0404
00040304
fffefd03
fd0204ff
00fffc00
0402fe04
01fdfc02
00fe0201
0000fcfe
fefd0300
fffefc02
01fe0200
04fc01ff
03fc02ff
04000203
fc02ff04
00000000
02040002
0203ff04
ffff0201
030002fe
fefdfc01
fd0402fd
fefeffff
01feff04
0202fcfe
03fdfeff
fe0301fe
fefffffc
ff02fdff
00fd0203
00fcfd00
ffff01fc
020100fe
03fefcfe
020200fc
0001ff01
00030402
01010203
02fcff01
040401ff
03fefffd
fe010402
fd02ff02
ffffff04
020304fd
fe00ff02
fe00fc01
01010300
fc03fd03
fcfc01fd
0301fcfe
03040001
ff04fe03
0001fdfc
01fe04fd
fcfe0001
0404fc03
04ff0200
01fffffc
00030403
0401fe01
fefd0302
02fd0204
fffffcfc
01010404
fd040301
fd010300
04fd01fe
0200fc02
01fc03ff
fe000102
040303ff
03fdfdfc
fffcfe00
fe020303
fffefd02
00fd04fc
0203ff01
fc0000ff
fc03fdff
fffd00ff
ff04fffe
0104fc01
00fe0203
04030401
fd0302fe
03fc03fc
030003ff
ff00fffd
00fe0000
00fffc01
00fefc01
fc010102
fe010200
00ff0400
040104fe
01fc0103
fdfcff02
01fffe02
0204feff
00000402
fffffd01
fc0203ff
040104fd
0300fcff
04fdfffd
01fc02fe
040400fd
03fe0204
04fefd04
04fdfd04
0100fe00
02000203
03010400
0101fefd
fdfcfdfe
fdff0404
01020001
fe03fd02
fffd0402
04010401
fe04fe04
01fffc02
fc030402
04010104
0002fe01
fcfcfffc
fefd04fc
fffe0204
00fcfefd
fc03fc01
00020104
fefcff04
0102fc02
fc040300
fffc0002
fffcfdfe
fc03fefd
03fd0301
040004fd
0400fffe
fffd04fc
02020401
ff01fd02
fdff0202
0401fffe
ffff0402
0203fefd
00fc02ff
02fe0204
04010403
ff030104
fdfd0200
ff04fefe
fefffffd
020403fe
fc00fc01
fcfc00ff
0101fe04
01ff0303
fc03fffc
fd0303fd
020200ff
ff01fc03
fdfd0401
fc0001ff
0204fc04
0202fc02
01fefd03
fd00fcfe
0103fe04
04ff02ff
0303fcfc
0001fe01
02fdfffe
04fdfeff
fe04fefc
fc0402ff
0404fd02
fcfdfe03
01020403
04fefe03
02040203
0304fc01
01fcfdfc
0104ff03
fd010203
00fc0301
0400ff01
fefc0303
00000204
03020001
fd010201
fefcfdfd
03ff0303
fc00fdff
04fefc00
fe000203
02fc02fd
00020301
01fcfc02
03000200
fc01fffe
fd02fd02
ff020200
fdfffcfd
fffd0400
fd0100ff
fcfe00fe
0104fd04
ff04fcfd
fe00fc00
02000000
fdfe01fd
0301fefc
fffc0000
0403ff03
fffd02fc
0003ff03
fc01fe04
fefc02fe
ffff0202
fdff0303
0101fe04
03040402
0100fc02
02fd0102
fdfeff01
fd02fdff
0304fd00
0101fe03
0302ff00
0204fe04
0000fffe
00fd02fc
fe040403
fc02ff04
01fefefe
0200ff03
0303ffff
01fd0401
0001fc02
fefdfe03
030200fd
fcfe0404
00fc01fd
01fd04fe
fc01fffc
ff0001fd
ff02feff
fc0303fd
0001fd02
fcfdff00
0303ff04
01fc0303
04ff0200
fd0204fc
fffefd01
fe04fffe
fffc0300
0200fcff
fd010003
fffdfcfc
030002fd
03020002
fefe03fe
00fefd03
00fdfffe
0302fcfc
0003fefc
04fd0001
fefffd03
00010104
ff000301
02ff0300
0403fe01
fd03fc02
01fcfdfe
02fe01ff
0400fdfc
ff00ff04
0103fffe
03fd0302
01fcfdfe
fefc0100
02040003
0003fcfd
ffff0401
0203fe00
01fe01fe
010002fe
010104ff
02ff0304
fd00fffe
fc03fcfd
00fdfcfd
ff04fd04
0102fd03
fe03fd03
feff02fe
fd0401fc
fdfdfc01
fcfdfdfd
00fffd02
fd03fe04
000000fd
04fc04fc
fc00fdfd
fcfc00ff
00fd0300
03fcfe02
fc0204fc
00fe0302
00fe04fc
01030101
fcff00fc
feff02ff
03fffe03
fe040303
fefcfc01
04fd0303
feff02fe
0101fdfe
fc0102fe
fc03fc04
010200fc
fdfc0404
02fd04fe
02fcfc02
fefc0102
000004ff
04010003
04ff0000
020204fe
0202fe02
03fcfffc
01fcfefc
01ff0300
00fdfefd
0002fc02
0301ff02
fcfc01fc
fd01fffe
fe01fc01
fffcfdff
feff0402
fe0100ff
03fe00fe
fdfdfe03
fd000001
fe02fefc
fd03fcff
fd0202fc
0100fefe
ff00fdfd
fc030103
03fcfffc
00fd00fd
04030402
fe02fdfc
01000101
fc020404
0201fefe
00ffffff
0004fffe
02fc02fd
02fe0404
ff04fdfd
fe020103
00fcfffc
ff01fdfc
01ff0302
00fcff00
0002fdfe
0203fc03
fefc04fd
02fffe00
01040402
fc0103fc
fd040402
0202fc04
fd00ff04
01fffffe
feff0302
fe03fe04
03fffd01
0404fd04
02fd0201
0202ff03
03fefefe
fd010201
04fd02fc
fcfe0302
04fdfe01
fcfc0004
04010003
fc020303
fcfcfe01
00fefd01
fcffff00
0404fdfc
00fdfe01
fe00ff01
fe010200
03fcff00
03fdfffe
01fe0300
fc030403
0303fefd
fd0104fd
04fe0202
04ff03fd
0102fc04
fffcfc00
03ff0404
fdfd0004
ff030101
00fcfc04
fdfffe04
03fc0203
01fdff00
ff02fe03
fffd00fc
02040404
fefefd01
01fdfc00
0101fdff
000000fd
fcfcfefd
fe0300ff
fcfc0400
fd0001fd
0302fdfd
02010204
0100fcfe
03fe04fe
fdfcfe03
00030103
04fdfcfd
fdfd0004
0103fefe
01040301
000002ff
00020302
fefc0402
03010102
02010200
0102fdfc
00fdfdfd
02fcfdff
fd000101
fe010300
fefd01fc
fe040103
fffc0002
03fc0402
000304fc
fe04fc02
fe0402fc
ff04fefe
fc030200
02fe0004
04fffcfe
ff0302ff
0100fefc
fe01fefd
fdfe0401
00fefdfd
fe01fe00
02ff01fd
04ff0201
04ff0102
fcfd03fd
fffc0001
04fefefc
03020204
00010100
0204ff03
01ff03fc
0301fd03
fffd03fe
ff040302
04fd0304
fdfe0103
fd00fd03
fdfe01fc
fe0201fe
fe010104
ffff0101
010001fe
02fe00fe
fd030302
04fffdfc
00010404
000104fc
fc020401
fc020004
fcfefcfd
ff020202
fd03fffd
fdff0404
fe0004fc
000301ff
01fd0402
04fffeff
fcfcfeff
fffffcfe
00fd0302
ff000100
fffd0302
fffe0402
fffd0403
fcfc0302
fd02fdfd
fefd04fe
04fffefd
040401fc
0104fdfd
fe02fc00
04fdfd00
020403fc
04fcfdfd
01020000
00040000
fc0301fe
01fefe00
0000fe04
00010402
fd03fd02
ff040302
fcfefcfe
01040101
fefc0400
fe00fd04
fffdfcfc
0104fefc
fcfc00fd
04fe00fe
03fcfcfd
ff02fd00
fcfefd04
020103ff
02fe0200
0404fefc
fcfe0102
fd010300
00030402
fcfcfe01
fefdfc03
fe030403
0404fd00
02fe0100
00ff01fd
fc0102ff
fe010200
fdffff00
00fffefc
02040404
0104ff02
fe01fdff
fcfdfcfd
0402fdff
fdfefdfc
04030104
0002ff03
fffe0100
00030403
04fdfcfc
000204ff
fc03fc04
fffcfeff
03010301
fefeff00
fc01fc00
04020203
0003fe00
03030400
01fd03fc
00fdfefd
0400fd04
ff03fcff
0204fc04
fefe0001
fffffcfc
04fdfe02
0101fe04
fe010301
0301fdfc
02fcffff
0004ff00
0003fc02
00010103
fe000301
fffefd04
04fc0203
fe03feff
02fe0304
fd040400
0000fd02
01fdfe01
fe0203fe
fe0301fc
fcfefe01
fe03fc01
04fe01fd
01fdfe02
04020201
04020002
00fffd04
020402fd
00fefe02
0400fcfc
fe0104ff
02010004
fd04fdfd
02fd0103
fefdffff
0203fe00
03fefeff
fe010404
02020103
000201fd
0000fd02
fc02fd01
ff020300
0100fc04
fcfe03fd
02fd04fe
fffe0202
fefefd00
01fefc03
fefffe04
00fe0400
00fcfdfe
ff0203ff
0303fcfc
fc00fe00
fdff0104
0402fe02
02fd00fc
0104fcfe
fefe04ff
04fe04fc
fe040004
00ff0001
000302fc
020000ff
0403fcff
fdfdfe01
fd020004
000103fe
0304fffe
fdfffefd
0101ffff
01fdfcfc
fefd0201
fffcff01
fe030403
fe040200
fe00fe01
04fefefd
ffff0304
fc04fefe
fc020401
fcfdfd02
01020402
01fefdff
fe0203fe
0104fdfc
ff0104fc
03fc0102
00fffffc
040201fd
fc0103fc
0402fcfc
000402fe
fffdfd04
fcfffe01
00020300
02000004
00fe0400
02fffc04
fd030402
03ff0404
03fcfefc
fd0203ff
00fc03fe
01ffff01
feff0202
fdfe04ff
fd01fcfd
00fe0402
fefdff00
01fe0204
01fd0100
ffff0300
fe020401
fe03fefe
0103fcff
01fffc02
fd00fcfd
fd040400
fcfc02ff
fc02fd02
fc00fdfd
fefffcfd
fe0201ff
fefefc03
01fd01ff
fdfe03fe
fe000400
02fffefe
fc020004
fc00fefe
0402fcff
04000000
0001fd01
03010103
fffd04fd
feff00ff
0300fffd
03fd02ff
fc04ffff
01ff0304
fd02fc01
fefe0403
fc000103
fffd01ff
03fefe03
01030404
00fefd04
00fcfe01
04fffe01
fc00fd04
fefcffff
fd0303ff
04ff0101
01fcfcfc
fe010002
04fc0102
0300ff03
fd0304ff
fc010103
fefcfdfd
fc01fc04
fdfd0102
fffdfcfc
02fcfeff
fc000401
01fdfc00
feff03fc
02040301
02010004
ff000204
0101fdff
ff040201
00020100
01fdfcfe
0303fffe
fc04ff04
ff04fc01
fd000201
fdfe0200
0204fdfc
ff0301fd
ff0304fe
01fefffe
0302fcfd
000401fe
00ff00ff
03000102
00fdfefe
0301fefd
fd020401
fd00fc03
fc02ffff
0302fe04
03fc0100
00fe00fe
01000302
030103fd
030003fd
000303fd
fe02fd03
fffd00fe
fefc0304
04fe03fe
fdfdff00
fcff0104
02fe0303
03fdfffc
0400fefe
fc00fdfd
ff010200
0102ff04
03fc01ff
fefcfdfc
fefe00fd
03fefdfe
01020004
fd04feff
fd02fffe
03fffcfd
ff030103
010403fd
ff010201
0301fefe
fcfcfdfc
0004ff00
fcfdfdfd
fd01fcfe
fdfcfffe
010103fc
0404fdfd
0303fcfd
02010004
fdff04ff
fc040204
fe02fd04
00000204
ff010302
ff0001ff
fffdfe02
fcff03ff
fd040301
02fefefd
03040304
0200fffd
fcfffefd
fd010104
fe030300
0203fffe
fc03fcfd
fe0104ff
02fd04ff
fdfc04fc
fd040003
fffe0403
04ff0203
0000fc02
fc010404
000403fd
fd0003fc
00ffff01
fe04fd02
0400fc00
0300fc00
03fd00ff
04040003
0103fc01
03fc0201
0100fffc
02030302
fdfefc02
fcff0203
fc0202fd
00fd0204
fe020303
fffefffd
03fcfffd
fd0003fe
fd030400
02fffd01
040203ff
03fd0201
fdfd0402
fd04ffff
fc030003
01010200
0304fefe
ff0001ff
0101ff04
fd02fc00
04fd01ff
0300fd02
fc02fdfd
fffdfdfe
04fdfdfc
04040004
fc00fdfe
04ff0204
0102fd03
02fdfffd
0002fd04
fd04ff01
fffe04fe
04000001
04010202
0301fc00
fffc03ff
000100fe
03fefffe
0201ff03
fcfefcff
0102fffe
01feff03
0301fffe
ff01fe01
fffdfcfc
fe0304fd
0304fffd
ff0302fc
0001fd01
fdfefe01
fcfc0402
fffc00fc
03040401
fd0300ff
fd020300
04010102
fe01fefe
fe040002
03fefc02
0101fdfe
04ff0103
02fefefe
00fffdfe
010203fd
fffefdff
ff020201
ff0300ff
ffff0000
020402fd
01040000
02fe0201
fd00fdff
040301ff
010001fd
0200fd02
010100ff
02fc04ff
030404fc
040401fc
ff0301fd
fdfefdff
fc00fc03
fd0404fc
04fe0303
fd02fc04
0103fdfd
fefc0403
040003ff
03fc04ff
0200feff
fdfcfe03
fefe0102
fffe0202
fe0303fc
03010103
fd02fc04
fffe04fd
fd000002
fefd0300
fefdfd00
03000301
fd0104ff
fefd00fc
0202feff
fdfefffe
ff0402fe
fe03feff
fdfe04fd
01fd0003
fdfd0302
02fc01ff
03fffcff
02fdff02
02fc0104
02ff0402
fcfc0301
fe00fe01
02fcff00
010104fe
03030302
0203feff
04fe03fd
00fc0101
0001ff02
0002fe00
fffe0401
fc02fcfd
03fdfd03
04fc0101
00fe0001
fefffdfe
fcfe0000
fefcff04
ff03fe01
fefdfd02
fcfe03ff
fcfcffff
040401fc
fdfffe00
03020104
fc040202
00000000
0002ff03
ff020003
0001feff
ff03ff04
fd01ff04
fd040104
00030304
fc030303
fd040302
fc00fdfe
fdfffcfe
ff0301fd
02020304
03030103
fcfcff02
fffd04ff
fe010202
00fdff04
00fc0204
fd010104
fffe0103
fdff01fd
02fdfefd
0204fffd
fe03fcfe
ff020001
fe010300
0204fd03
010004ff
04fe00fc
ff00fe04
fcfcfefe
fcfdfeff
0304fe00
00fe0200
fcfd0303
0100fdff
fdfd02fe
fefe0204
00ff0304
01fdff04
fe01fe02
feff04ff
01fd0203
03fdfcfd
0103fd04
02ff02fd
fe03fc03
04fefcff
fc03ff03
00fefffe
00fcff03
010001fd
fc0401fc
fd00fffd
fd04ff02
fefc00fe
ff0304fd
fc01fd03
fc03fcfd
ff010104
fcff02ff
fcfd01ff
03030300
ff03fe02
04000203
fcfefffc
fffffdfd
ff010204
03ff0201
fcfffdff
feffffff
fd02fcfc
ff04ff02
0303ffff
01030202
04fc0004
000204fd
fffe0402
00fffc01
ff0304fe
fffcfdff
00fe04fc
030004fd
01000200
0403fefd
01fd0100
03fffcff
fc030401
00000003
0000fe03
ff010300
010004ff
020100fd
ffff00fd
fffd0204
fd030200
fcfffc01
fffe0404
fe0101fe
0101feff
ff00ff01
01020004
ffff02fc
01fe0200
fffcfffc
04fcfe01
00fc0402
0001fe01
0102fc03
00fefe00
01fe03fd
03000303
04fe0401
02ffff00
fc02fefe
02fc0003
02010403
fdfefcfd
03020100
fc00fdff
feffff00
00040201
02fffe04
0201fe00
04020302
0303fcff
01ffffff
000100ff
00fcfcff
02fd0303
ffff0401
02fd0001
0004fd04
00ff0101
00fd04fe
fc0001ff
02fe03fe
fe0100fd
fe0200fd
fcfffe02
fd010400
ff000301
fc0103fd
feff0302
ff00fe04
ff01fd03
01000101
fefdfc04
0301ff03
02fe0203
0303fcfe
03030303
fd0403ff
fdff0400
00010202
fdfd04fd
00feff02
04fc0003
fd0401fe
fefffffd
03020402
0000fffd
03fc0103
04020302
ff00fffc
fefffeff
fffdfffe
fd03fe03
fefd0102
00fdfe04
0303fefd
fc020104
fdfc0000
02fefe02
fe0403fd
040000ff
ff0001fd
0303fefe
fdfe0002
fc000201
0302fefd
03fdfc00
fdfc0304
01fdfc02
01fd01fd
ffff01fd
fcfefefe
fc02fe04
fe00ff00
040101fd
04ff0001
0002ff04
02fcfd04
fd020101
fe01fe03
01fffc00
ffff04fc
fd0400fe
0104fcff
04fdff01
0200fd03
04fe03ff
fe03ff03
fffffe01
02fc04fc
03fffefe
fe03fcff
fcfe0204
0101fd00
00030400
fcfffc00
0102fcfd
fe02fd00
fd00fd04
0104ff01
fd0201fd
04fcfc00
02ffffff
fe04ff00
03020104
03fdfefe
fefdfc02
fcfc0202
0300fdfc
030303ff
fd000103
fd04fe03
ff04fe01
03fefd02
02ff0104
000003fc
fcfc0400
04fcfdfc
01fffdfd
fcfd02fc
fefdfc02
fd0100fc
00fd0404
04fe0001
fcfffefe
03fc04fd
03fefe04
01fd0004
0003fefc
ff010301
fefc0202
000003fc
020401fd
01fcfefd
02ff0103
00fcfe04
02fefe03
ff02ff01
fe000200
02fffe03
00fffc00
0400fefe
fcff0004
fdfe00fc
04020103
fe01fc02
fcfd0002
fc01fd04
fefcfdfd
fd0203fd
fd03fc04
fd040002
02030101
04fc0003
fe0004fe
0401fe03
fd0100fc
0302fcff
ff0302ff
fffe04fd
fc00ff02
000404fd
0002fdfc
0402fc00
fd04fd04
00fd0303
020000fe
fd020203
fd010303
03fcfd01
fc000004
00fd03fe
fc020304
020400fe
01030202
03040200
fcff0301
fefd01ff
fcfe0402
fd0200ff
02000202
fe02fefe
fe020302
01030000
ff0404fe
ff03fefc
000200ff
fcfcffff
fc03fffd
fcfefdff
010302fc
0202fffd
00fffcfd
00fdffff
00fefcfc
01fd0103
0103fdfe
fc03fd04
02fe0102
0302feff
01040200
01ff0301
03fdfefd
04fd0301
fe030003
fd00ff04
fdfc0000
0102fdff
ff040001
fd0401fe
ff00fe01
04fe01ff
01fe03fc
000001fe
fdfc0204
03000301
0204fcfc
fffcfe02
01fc00fe
fe04fc01
03ff02fd
03010402
00fc0203
feff0302
01030000
fd0402fe
fe04fe00
fdfe04fd
0302ff01
00ff03fe
fdfd04fe
0004ff01
0400fd01
03fdff04
02020101
fe00fd04
fd04fcfe
040301fd
fdfefd03
fcfd0302
fcfeff04
030101fe
0003fdfd
03010104
fefe0100
00fe0202
fd010003
03010001
fd0204fc
ffff0201
00020104
02fefcfe
0402fdfc
03ff01fd
03fe0404
fefd01fc
fc01fffc
03fefe01
02fe0401
02000200
fefdfcfc
fc040201
fe040200
fefefcfc
02000203
fe03feff
03fdff00
fd000000
ff04fcfe
fdfffcfd
fcfffcfe
03020400
fdfe04fe
ff0204fc
fc04fd04
04030301
fd00fe01
ff01fc00
fc02fe03
00fe02ff
00fcfdfe
01fe0004
fe02fc03
ff01ff00
ff04fc03
00000200
02fd03fd
fe02fefc
fe0402ff
0004fd01
00fdff01
fe03fd04
00fd0102
fd000101
fd01fe02
fe04fffd
0004fcfe
fd02fd03
020000fd
fdfefcfe
fc04fcfe
01ff00fe
fe0301fd
fffdfd02
fffd0100
fc0400ff
040003fe
01fd0001
00ff0000
fcfd0104
fe000002
fc0401fc
0003fcfe
fe00ff03
fe02ff04
fd01fefe
fdfd02fe
fc00ff01
fc010202
010100ff
00ff0202
feff0201
fc00fffc
fefcfdff
ff0304fe
03fe0203
00030000
010001ff
0301fcfe
feff03fd
fdfffe01
fe02ff01
01fcff04
010004ff
03fffffd
fe010002
0303fdfe
fdfc0300
01010400
fc01fd00
ff0303ff
0304fefe
0304fe01
010302fe
fe010003
fcff0303
ff0000fe
02fffcfd
04030100
02fefefd
fcfffdfd
0302fe03
0304ff02
fffd0400
fcfe0100
01fc0302
01040402
03fc0003
04ff04fe
02fd0003
fd040403
fe02fd04
02fffcfe
fc0101fd
03ff00ff
03ff0202
000203ff
030401fd
00ff0204
00030402
fcfffdfd
00fc04fe
fe030200
fd020001
fc01fc04
00ff01ff
03fe0403
01fffc03
04fe0402
0400fe04
fe010100
fc01fdfe
000400fc
fefe03ff
04000403
ff010202
02fcfc04
02fefdff
0104fd04
00ff0302
fefcfcfe
fe02fe00
01fd00fe
04040104
0102fcfd
04ff00fd
0103fe03
fd0201ff
00030102
fc03fe04
fffd0003
03fffd02
02fe04ff
0003fc01
02fe0401
04000102
0000fe04
0403fffc
fe030003
02fe03ff
0104fc01
0204fc04
0404fdfe
fd00fdfd
fffdfc02
fd0300ff
fcff02fe
02fefe00
04fc04fc
fcfefc03
000302fc
0403fe02
fd040303
fc0003fe
00040303
010200fc
fcfcfd00
03000200
0002fcfe
04fd0103
02fc03fd
fc00feff
ff0102fc
fcfefefd
02fefd00
fd010101
fd00fc01
fefcfcfe
02fdfd01
fd020104
0002fcfe
040302fe
03fefc01
01fefd02
02fffe03
fe02fefd
040402fe
03040401
fefe01fe
03fe03fe
fefe03fd
fc00fc02
fdfcfdfd
01fffdfd
0300fe04
0401fc02
04fd01fd
0202fefc
00fefffd
02ffffff
fffc0303
01000001
feff02fc
00ff0200
fdfffc01
04010004
fe030002
fefc0004
ff02fd00
fd04fdff
fdfdfc00
feff01ff
0204ff03
03030001
03fc0302
00fdfcff
fdfdfeff
fd03fdfc
fd020201
ff0301fd
ff00fc01
0002fd01
04fe04fe
02fefc01
01fc00fc
fcfe0104
fcfd00ff
00fe0104
fefd0402
030303fc
ff020001
fc040100
0401ff01
fe020401
fc0002fe
01fd0100
fe0004fd
04020104
fd0404fc
feff0003
feff0401
fdff0300
04fdfffc
fdfffcff
03010101
fd040200
00fc0004
fe030403
04040002
01fd0201
00fd01fe
fe01fe04
0402fffc
fd03fc01
fe000400
fefc0004
fdfd00ff
fd0104fe
fe0000fc
fefe0403
fffc04ff
03fcfe01
04ff0400
00fe0104
01000202
02000200
00fd01fe
04fdfc02
01fffdfc
040201fd
01fcfefd
04ff0101
fe030202
fc03fe03
ff030402
04fe0403
0202fdfc
fcfefe00
03fd00fc
fc0203fc
00fffe03
ffff0203
04010201
ff02fd01
03020204
030102fe
02fd0102
040103fd
03020302
03fffcfc
03ff0300
fe0304ff
ff04fefc
030101fc
ff03fffc
02fefd04
010304fd
040203fe
fc010104
03020201
fffcfe04
fd03fcfc
02010100
fe04fefe
01fcfffd
01fffffd
fe0102fe
0003fefe
000302fc
fdff03ff
0200fefe
03ffff00
fc04feff
000103fe
0302fc04
fc04fdfe
fcfe0101
03fd01fd
0400ff04
030101fe
01fe00fc
fc040302
00fdfe04
0201fffd
0402fcff
01fe0002
00fefe04
fcfc04fc
fc0401fe
fcff00ff
fcfefd03
fdfffefc
ff00fefd
040100ff
040401fe
03fc0304
0004feff
03030400
fd01fc00
010402ff
0002ff00
00ff02fc
fcfefd02
fdff0100
03fdfdfe
fe040401
fe0001ff
000102fc
03000202
fc03fc04
fd0101ff
ff0204fc
03fe0203
fe00fe03
0004fc01
ffff00fd
fefc0302
030204fd
0303fe03
02fffffc
fc01fc00
feff0100
fe01fefd
0204fefd
0204fe00
fc0200fe
fdff04ff
0303fefc
fd0204fe
03030002
04fdfcfd
0403fefc
000100fe
00fefd04
ff040204
ff020301
010400ff
01fd0404
03fffdff
00fe0100
fcfdff00
040200fd
ffff04fc
fcfc0202
fffd0203
03fdfcfc
fffd0201
020101ff
03ff0003
fe04fcff
fefffdfc
fe04feff
02030000
04fffd01
00010300
fdfe0302
fdff0400
04fc0204
fdfe04fc
03fc0201
fdff0001
fffefdfe
fefcfdff
fefffefc
00fc0004
fd0201fd
fe000104
0202fffd
fefd0004
0201ff01
01fdfc01
fd0402ff
fd0403fd
fcfdfd04
010100ff
ff04fc01
fe02fffd
fdff0400
010404fe
fdfdff01
000001ff
fefc02fd
fe0002fe
0204fc01
fcfdfffd
fd0003fc
0303fe03
fdfefefc
fd000402
fefdfdff
fcfefcfd
03030201
fefe0400
fefc0003
ff04fe01
0202ff03
fefefffc
00fffffc
00fd04fd
030303fe
fefeff02
fffdfffe
04fcfcfc
04fdff00
04fdfc02
020403ff
fcfdfffe
04fc02fd
030300fd
fd0203fc
fd010301
04010302
ff020303
fcfe01ff
04fcfd04
ff0304fd
fefdffff
040004fe
01ff00fe
03fe0004
fefffc01
fffe0103
fefefcfe
fdfdfd02
03fd0104
00feff04
ffff01fd
0101fcff
fcfc0100
04fc0102
feff0303
00fc0400
fefeffff
04fdfc00
04fd0101
ff0201fe
02fe02fc
020404fd
01fc0003
030101fc
0404fcfc
fc01fe02
02fe0401
00fdfcff
0201fcff
04fdfefc
030402ff
000301fd
fd020100
02fefcff
fefc03fe
04ff0001
0203fc02
0403fdfc
04000100
ff0202fc
010103ff
fc02feff
fefc0400
fc03feff
fe0101fe
fd030101
fffdfe01
0101fd04
040204ff
ff040301
fcfc0203
02fd03ff
ff0300fd
fd000200
ff02fd01
ff03fc03
fd020000
fd01ff02
00fdfd02
02fd01fc
fc03fffe
020400fe
00ff00fc
01000202
010301fc
03ff02fc
01fd01fe
01fd0000
04ffff02
01fe04fc
fdfe00fd
00fc0401
fc03fe02
fd03ffff
00fefcfe
fcfe02fe
03fe0304
fdfd03fe
00fe01ff
000104fe
fe02fe01
ff0401fc
fd040102
040303fd
fffffdfc
fcff02ff
fe04fc02
04fd0301
fffffc03
04fefcfc
040103fc
02fffdfe
fcfefc00
fdfd04fe
04fefeff
0001ff01
0304fffe
000402fc
fcff03ff
01fd0400
fffc0002
ff020102
03fc03ff
0101fe01
fdfe03fe
fcfdff04
00fc01fd
0102feff
04fcfe03
01fcffff
fcfe0300
02030401
fc02fd04
fe0201fe
fdfd02ff
01fcfcfc
fdfdfdfc
fe0201fc
0403ffff
03010101
fffffdff
00fd00fd
02fe0102
02ff0002
0400ffff
03030001
fcfe04fd
ff04fcfd
fdfefd01
ff0100fd
01fc00fd
00020304
00fcff00
030401ff
040203fe
fefffeff
02fcfe00
00fd0404
0403fd04
fdff0401
0002fffe
00fc0103
010200fe
fc0004fe
0203fd04
02fe02fe
03fd02fc
000004fc
fdfe0303
01fc03fe
00fffc02
ff0402ff
03fffdfd
fe0402fe
00fc0303
01fffcff
fd03ff02
fdfd0300
04ff0302
02fcfc04
00030302
0402ff00
fdfe0302
0203fc04
fd00ff01
03030200
0000ff02
fcfd0404
ff0304fd
fdfe0403
020204ff
02fefc00
fd03fd01
04000100
fdfe00fc
00fe03fe
ff04fcfd
fdfdfcfe
00feff01
000203fe
00040003
0401ff00
03000304
fc00fd01
fcfcfd04
0100fffe
03000404
00fefdff
03fcfdfd
03fc0104
fefe0404
00fefc01
030203fe
fd0402fe
ff030403
fdfc0204
fefc02fc
fd03fe01
fd04ff01
fd00fc00
fdfffefe
fdfe01fe
ff010000
feff0101
fc02fefe
03fffcfc
03ff0102
fffc02fc
fc02fefe
0004fdff
01010301
feff0202
02ff0102
0401fcff
03feff04
03fe0200
01fd0004
040201fe
04fc02fd
fd020204
00fdff00
fcff0201
04fefdfc
ff0302fe
fc02fe02
fefffd03
020003fc
0300fd03
fcfe0104
04000101
000202ff
fdfdfcff
fc03fc04
01020104
03fdff04
02ff0403
0201fcff
03fc01fc
010402fe
0404fffd
fe03fe02
03fe02fc
03fc0102
02fe0303
030401ff
0204fefe
fe0301fc
ff0300ff
fc0101fd
03fcff02
04fd03fe
04ff0303
fe010402
fefcff04
00ff0300
04ffff00
ff01fc00
0101fe03
fe03ff00
04fd02fe
fd0200fc
fcfffefc
ff000403
fefd04ff
fcff01fd
02020202
03fe0001
0203ff03
04030102
03fd0000
04000004
03fefffc
fc04fc01
0302fd02
04fffffc
ff0403fd
fffe04fe
ff00fcfc
02000001
02fdfefe
0403feff
fefdfc00
fd0303fe
03020404
00010100
03fc0400
0400fc01
00fd0301
fdfdfdfe
fdfffc02
ffff0101
0202fd01
03fc0203
00fc0101
02fcfd00
fc020302
fefcfcfc
fc0402fc
fe0401fc
01fefd02
fd0401fe
fefefe04
ff00fc02
030004fc
03040204
010202fc
02fffc04
ff040103
fc02fd04
fe040002
ff02fd03
0004ffff
02fdfffd
ff0000fe
fffdfe02
fcfd02fc
fe000102
00000202
04010303
fffd01fd
fc000104
01fdfeff
fd030401
0000fe02
fffd0002
fcfd01fe
040402fd
fefc0302
0304fe04
02fd0201
ff020003
fc040204
0404fe02
fdfffefd
020002fe
02fffdfc
fefcfe02
0303fdfe
fd0201fc
0000fc04
01fefd04
03ff0301
ff00fd00
fefc01fd
04fdfdfe
feff04fe
01fcff04
03000202
010000fe
fe010404
fcff00fc
fefcfc04
04ff0301
ff01fd00
0004fcff
00fcfe01
0103fcfe
fc0304fd
fffd0200
04fffefd
0104fe02
fc040300
020001fc
fc0004ff
fcfcfc03
04010100
fd010002
fcff04fd
ff0403fc
fefefc00
fcfdff04
01fcfd00
01ff02fd
ff01fefd
00fe0400
fefe0004
00fd00fc
fe01fd04
04000300
ff040400
ff020400
fffd01fe
ffff03ff
02000203
fcff04fd
03fc03fe
fffc0200
01fc01ff
fffe03ff
fcfc01ff
fefd0402
02fefd04
03000002
04fefcff
02fcfeff
0400fdfe
02fd04fc
fdfe02ff
fd03fc04
00020304
fefdfcff
fd0001ff
fe00ff00
0101fe03
03fe0103
040002fe
0302fc04
fffe0204
fc00fc03
fe01fdff
fffffc02
fdfe04ff
fefd01fd
00020401
04fe0301
fefcfd01
02040002
fffdfd02
fffefefc
ff0004fc
fd03ff01
0003fd03
fdfcfc04
fefdffff
03fd0102
fe00fcff
04040202
01020402
0300ff00
0101fd04
02000201
ff010001
03fefdfd
fe030002
04020403
fd020301
fd02fcfe
0400fe00
ff000103
fffe0302
00fc03fe
fd010304
fffe0104
fdfd0300
fffd03fc
00fd0100
02fc04fc
01ff0202
010103ff
ff04fe00
fe01fc01
04030000
040204ff
ff040401
ff020300
030200ff
00fe0202
fe03fe04
04fd00fd
fcfe0400
01fffc04
fffefd03
00fd0304
03020300
fe0004fc
fd02fcfe
ff01ffff
fefc00fc
fe04fe04
01fffefe
0004fdfe
fd03fffe
01000103
00ff0403
02fc0402
fcfc0200
02fe0400
fffe00fe
fefc0303
fcfcfcfc
fdff04fc
00ff0100
03ff04fd
ff04ffff
030401fe
02fefcfc
01fffdfe
01000304
fd03fd00
01fdfc00
01fd0403
0400fe01
ff030000
04fd03fc
fe030001
04fe0403
ff0304fe
fffffdfd
01fc00fd
03fffdfd
fcfc0200
fefffcfd
03fffcff
04fdff00
fcfe0201
02ff0202
0102ff01
0203fd04
fcff0004
fffd0200
0101fe03
fd03fdff
ff020303
02fd04fc
fdfdfc02
fd000102
fefcff01
03fc02fe
fe020000
00fdfd03
01020104
0301fd00
fffd0403
040203ff
04fd02ff
01fcfe04
04fe04fd
fe0302fc
ff040303
01fe02fc
03ff0402
00fffe02
03fd01fd
0400fc01
00fe0202
03fe01fc
04feff00
0204fcfc
fc0403fc
fc03feff
fefc0000
0404fc04
01fefffd
fdffffff
0301fefe
0204ff03
ff040402
fe0201fc
01fe0400
fe00fffd
ff01ff01
fe01fcff
01fe01fe
00ff0403
fc0003ff
fefefd04
04ff0404
000300ff
fcfe03fd
fcfd00fd
00020302
01030303
040404ff
03ff0303
00010401
0304fcfe
ff01fc03
0404fffc
fefefe03
fc020401
ff03fcfe
fe0402fe
fc000400
000103fe
02fc02fe
010201fc
fe000301
fe01fc03
03fffcfc
fdfdfdfd
02020302
010104fe
02fcff00
fe020402
01000200
04fe0401
fcfc0402
02ff0000
02020401
fe04fcfc
0100fd04
ffff0204
0204fcfd
fd030403
fefefd02
00fe0303
0200ff01
fffcff01
fffd02fd
040304fd
0302fffd
ff0101fe
fefe03fd
01fefffd
0101fcfd
fefe0203
ff020404
01fffdfd
04fe0403
fc03fdfc
fd0102fe
fefc03fe
fdfd0303
fcfeff02
fd02fcfd
02040204
fe030204
04fffdfe
fffd0200
02ff0001
fcfd0003
04fdff04
fc0003fc
01ff0201
03fcfcfe
fe000302
fd030000
0001fe00
02ff0301
03fe00fd
00fdff03
02000304
000104ff
03fffd00
04ff0002
04fc04fd
fc000204
02030401
fcfcff04
ffff0100
fefc0403
000200fd
ff0301fe
fdfffd00
04fdfdfe
fc000202
03010304
03ff0400
fdfffc00
02fffdfe
fcfd0204
ff0404fd
0400ff01
03fcfcfe
01fdfdfd
0404fc04
02fd00fd
02fefdfd
fdfd02fc
fdfd0204
01fe02fc
fd02fffe
03fe0304
02fffc01
01fcfefe
fdfe04fd
04000002
fd0002fd
fdfc00fe
00000104
ff04fc03
01fc0104
fffd00fd
0200fd03
03fdfdff
0402fd00
04fe03fe
030300fd
fc0102ff
fd04ff02
0404ff01
0100fd03
01fe0004
03fffcfd
0002fe02
fefffefc
0100fc04
fe0104fe
02fcfeff
fc0400fd
fc03fdfd
fd00fffd
000001fd
01fc0304
0000fffe
03fc0100
02fdfcff
fffdfdff
fd0304fd
fd01fcfc
fefe0101
fefe0001
00fc0201
03020301
fe04fdff
04fd02fc
fefffd02
00fffc03
fd00fdff
01040301
fd0102fc
04010203
fd03fefd
04fd0002
0103fc00
0003fd01
02010003
01fdfffc
03ff0104
fefd0001
fc03fd03
fefd00fe
fdfcfd04
fffefc02
030201fd
01030104
02ff03fe
00fdfeff
02feff01
020303fc
040300fc
fcfcff00
0004fe02
fc01ff04
02fe0301
fefdfdfe
04fefdfc
fffcfefd
fe0000fc
040304fd
fdfd01fd
ff00fc00
020301fc
02fdfdfe
04ff0402
01fe0203
00ff0300
fffffefc
01fd0301
fd0303fd
feffffff
fe03fd00
03fffffe
fcfcfffd
02fffc00
020004ff
ff030003
00fd0402
fd010102
fffdfe03
04fe0400
fd020204
fd0100ff
03000304
fffd0404
fcfefd01
fd020103
03000403
fe02fdfd
0303fe04
000301fd
04fdfdfe
fdfc0102
0102fefc
0101fe01
03ff0003
01010300
ff00fffe
00030204
0201fffd
fdfcfc04
ff0402fd
02fd02fd
03fcfffc
fdfcfd03
0100fefc
ff00fefd
fcfcfc04
0403fe00
0103fc04
fd00fcff
fdfc0001
00fdfc02
fefffd03
00fe01fd
0304fdfc
03fdffff
01fe00fc
0100ff02
04fc0204
fffc04fe
fefffdfc
fffd0404
fe000201
030004fd
00fffcfc
02fefdfe
fe0302fc
02010102
ff0004ff
ff030404
fc04fc04
02fd04fd
02fc02fc
0000fc04
01fc0001
0201fdfc
fe00fd01
fc0303ff
03020003
020402ff
ff0201fc
0303fe02
fdfffffe
04040102
010003fc
01ff0402
030300fe
fefd00fc
01fd04fd
030000fd
fffffdfd
04030401
fffffd01
fc03ff03
01fc01fd
fefc03fc
fd03ff03
020002fd
ff0200fd
0102fffe
ff01fefc
fc0103fe
fe03fe02
0102fd04
0000fe01
03010002
02040403
04ff03ff
00fc0001
04ff0300
0104fd00
0001fc03
fd00ff03
000301fd
fd0001fc
02fefefe
010100fd
fe02fe02
03000101
fdfffe04
fe01ff00
ff03fd01
03fdfd02
fefefe04
0402fcfd
00fffc04
feff0203
00fc0204
0304fe03
0102fffe
01fdfe02
0100fd00
fc01ff04
030000ff
020002fd
fcfdfffd
0300fc04
04fd0300
01fefd02
020401ff
02020203
fe00fd01
0403fffe
020302fc
ff000303
fe04fffe
03fefefe
fc02fd03
0400fc04
fd02fffd
01fcffff
fd00fffe
0002fffc
02020103
01000304
00fffe00
010202ff
fe00fd02
0004fe00
ff0402fd
fdfc0202
ff000303
03fdfefc
02fdfc02
fefe00fc
00fe02ff
ffffff03
fd00fcff
03fcfeff
fcffff01
0204fcfd
fffffcff
04fffd01
04010202
fc02fe01
03ff0002
fe0003fd
ff0003fc
04000101
fd0300ff
03ff0404
fefd01fe
fffd02ff
fd01fd00
04fc0003
01fc01fe
fffd0000
fefffc01
ff00fd00
fe02fe01
04000401
04ff00ff
00fcff04
000101fc
01fc03fd
000201fd
000001fc
fe04fe00
fffcfd01
fcfeff03
03fefffe
0004fffe
fcffff00
fdfe04fd
0002fd03
fe000404
04fffe01
04ffff02
ff02fffc
00fd0202
00010303
fe02fdfc
01fffcfe
03fcfe04
03feffff
0401fd02
04fefc02
00020102
02040200
00fcfe02
fd0404fc
00fc0303
fd000202
fe02fd02
00fefd01
03ff02fd
ff00fcfd
04ff0401
01ffff04
00030104
0304fcff
fffcfcff
fcfc0402
fd0003fe
fcfeff01
030100ff
fffcfdfe
00fdfcff
feff02fd
0201fc02
0203ff02
0400fe03
00fcfd03
00fcfcfe
fcfefefe
04fefc02
00030404
000200fc
02ff0302
fe040002
fc02fffd
0001fdfe
ff040303
04fc0200
fd03fffe
fffd0003
ff00fffe
fd02fefe
030301fe
fd01fc00
fc01fffd
fffc03fe
02fe0301
00ff04ff
fefd0202
03fdfcfe
0401fdfd
fc010000
fc0104ff
fc01fd02
0203fc04
04feff00
ff00fefc
0301fe04
fefc0102
00fe03fc
03fcfdff
03ff0201
fe03ffff
ff0000fc
0200ffff
ff00fdfc
0003fd04
03000200
0401ffff
ff00fcff
fffe0301
fcfe0104
fefc02ff
0001fdff
00000000
fdfffcfc
fc0003fc
fffcff00
040201ff
01fe0103
fefeff02
00ffff04
0202fdfd
03ff0200
fd00fdfe
04fdfc01
04fe0304
fffe0203
ffff0204
01fe03fe
ff02fc02
02fd0004
0304fd04
fe04fc03
01fc0201
0402fdfe
0104fffd
00fc02ff
0100fefd
02fdfe01
0201feff
fffc01fe
02fdff00
fd0000fe
ff000400
fe0000fe
03fc04fd
02020002
fc04ff03
fdfe04ff
fc040203
fefcfd03
fe03fcfd
040203fe
fdfffffe
0202fffd
00fc0200
0301ff00
00fefefd
01010302
0003fffc
fefffcfc
fdfe03fd
000203fe
04fffffd
03ff04fe
ff03fcfe
fffdfcfd
ff0301fc
fcfc0303
03ff0304
0300fc03
03000303
02ff04fe
0202fc01
fc000103
ff04fc01
fc010403
00fefd03
04020101
0401fd04
fc01fffd
feff0101
0302fe01
fefffe02
0403fffc
02fffe02
01fcffff
ffff0301
fe04fe02
fefefe02
ff0304fe
04030400
01fd0103
fefe00fd
fefd0101
fcfdfe02
0103fcfc
020203fd
fefdfe00
0401fd02
04fc01ff
010404fe
02fd0001
fefdfe02
fe02fe02
fe02fc00
03fc0401
fdfd0300
fe010301
fffefefd
ffff0104
03010201
01fcfdff
03fd01fd
0003fe04
fd00ffff
fe00fefe
01fd0202
fe000200
fd0102fe
fefe01fe
0101ffff
fdfefcfd
fe03ff00
fefe0000
02000402
00fd02fe
0302fefd
fe000002
fe020300
fc040404
fcfd0002
0003fffc
fdfe0202
03fd0400
fc000103
0403fe01
fc0303fc
020100ff
fd00ff04
fdfc0401
ff00fcff
fefcfd00
fe00fffc
ff000403
ff0002fd
fffeff01
03ff04fc
02040301
03fe0201
fcfd0302
fd040301
04040000
030303fd
0203fefe
020100ff
00fdfcff
fefe02fe
fd02fd04
fd01fffd
0404fcfc
0303fffe
02040404
fd040302
00040001
040202fc
01ff0402
02fcfe03
00fefdfe
010100fd
00fefc03
fefd0103
020202fd
00ff0404
fefc03fd
fefefe01
020402fe
fe0301fc
03fe0001
fc00fffe
fe02fffc
fdfc0302
0300fd02
04000401
fd02fe01
0302ff01
0103fdfd
fd0400ff
04fffffe
fe02fe02
00fdfdff
fcfe0100
fc00fdff
fdfe0200
fe03fefe
fd04fd04
ffff0102
fd000401
01020000
03ff0004
010103fc
03fe0100
fd0102fe
fe03fdfd
0001fd03
010001ff
00ff01fd
fdff02fe
02fefefc
fe0003ff
0204fcfc
040201fc
01fdff00
fc00fefc
01010302
fcfcfefd
01030103
fe030400
fd0100fd
ffff03ff
fdfffdfc
020304fe
00fcfcff
fc0402fe
fd000103
ff0401ff
fc01fc04
04000300
04000302
ffff0303
03ff0403
fefefc04
03040404
fe0001fd
0103fcfd
0403fe03
fffefdfc
0000fc03
fe03fffe
01030104
01fcff04
010402fc
fffcfe00
04fc04fd
04ff00fd
03fcfcfe
feff03fe
0201fd03
02fcfcfc
04000001
00020400
00ff0204
01fd0401
03fffffd
fd00ff03
04feff00
02fdff04
ff00fd00
04020101
03030401
0104fd01
fffefd03
fe030301
fdfefcff
0002fdfd
04fffe02
fdfefd00
0203fffd
ff020202
0103fc04
fefdfe03
fefdfd02
02fe0403
0000fffe
0200fd04
01fcff01
0400fcfe
0001fefe
0102ff04
fd02ff02
01fefe00
04fcfcff
02020400
fd04fe00
040404fc
03fe04fc
03fd0104
0403fc00
03040001
0004fc00
fe000202
fe0203fe
02fcff04
ff01fffe
03fc0304
03fffffd
03fefdff
00000000
ff03fdfc
0203feff
fd00fcfc
020201ff
0102fdff
04fe0004
040401fe
fc0301fc
fc0200fc
02000303
02fcfffc
fcfefc00
0201fcfc
fffc03ff
01fcfefd
fdfc0300
0301fdfe
fc040403
00020000
01030201
fcfefe02
fd0200fe
fd01fe01
fe0100fc
0302fefd
04fdfefd
fe04ff01
fc030004
01fdff00
fdff0300
fdfd0204
04030400
040403fc
0004fc02
fd030303
04fcfdfc
0301fe00
04fe02fd
ff02fcff
fc01ff04
ff010004
fcfcfc03
02020300
fffd0400
fcff04fd
fcfcfdfc
fd03fe04
020300fd
02fe0004
fc0302fd
040302fd
fefdfcfe
fc030004
03000403
fcfeff03
fd020201
00fd0104
0300fc03
fc02ff00
fd01fc00
030003ff
01000402
fc030002
fefcff01
02000102
04030201
04000003
fffc0201
03fe0101
fe0200fd
02fffd03
03000201
fc0202fd
00020300
00fc0200
fdfffeff
fdfe0202
fdfd0304
fe040202
00feff02
01fefc02
ffff0000
fdfd0201
01fe00fe
040104fc
0102fc00
fc020002
fc000003
fc0304fe
fefefcff
fffdfcff
03010003
fffdfd03
04000203
fc0204fe
feff0100
0101fcfc
03fefe03
030403ff
02020204
fdfc0401
0404fc00
fe04fdfc
0402fefc
fc020300
00fe0400
00040203
01fdfd04
03040200
fe01fefd
fc00fdfd
fcfd01fd
fd020402
0204feff
fd00fefc
000003ff
0304fdfd
0200fffe
fffcfffe
ff030302
ff02fcfd
01ff01fe
0200fdfd
fefefcfc
ffff02ff
020102fc
fcffff04
030003fd
000002fd
02fe01fe
01fdff00
02fdfefe
ff030203
fdfc0403
fd02fefd
03030201
04030200
ff0102fd
00fdfeff
fe0401fe
ff040002
01fe04fd
fe030104
01fefffc
fdfefe02
00fffd02
03fc0304
fefd0200
fffcfffe
fefe00ff
03fefcfe
01ff0301
0400fc03
0204fc04
0301fc01
fd0404ff
040200ff
020100ff
fc03fd00
020402fd
02fe00ff
fdfffefd
fc020000
01040401
04fefcfe
ff02ff00
0403fe04
fffd0404
02010200
0104fffd
04fffd03
04fe00fe
ff02fcff
01030104
ff020301
0002fffd
01fdfefd
04010203
fdfd0304
04fe04ff
00fe0403
0203fd02
00020303
03fd0303
03030201
00040202
fefefffe
fd04ff00
03fc01fc
ff0004fe
fe010104
fffefd00
03010302
fe04ff01
fc040101
fc020302
02020104
020203fc
fd04fefd
ff010201
fc04fc02
0402ff04
fcfe0201
0301fe01
03fffdfd
0302ff04
0300fefd
0401fefe
04fd0204
fefc0403
fdfcfefd
ff0301fc
04fffc03
0404fe03
000201fd
04fcff01
0402fdfe
010003fc
fd01fe01
0000ff00
fd00fefe
04000401
00fc0301
feffff00
04ff04fe
feff00fc
02fcfe03
01fc0101
01040403
03fe03fc
fdfdfcfd
03ff00fe
fdffff00
0002fcfd
ff01fcff
ff040000
fefeffff
02fc01ff
000101ff
fefd01fd
04020003
0301fc04
fdff0304
030204fd
01030304
fd00fdfd
010304ff
00000002
0303ff01
fcfc0201
000401ff
fffd0003
fcfffdfc
00000302
03000103
0203fc04
04fcfe04
fdfcffff
ff04fdfc
fefcfdfd
fe04fc02
04fefffc
000201ff
fe0403fc
fdfdfc01
01fffd04
ff00fcfe
0303fc02
000400fc
02fffc00
010004fc
04fcfcfe
0303ff03
00ff01ff
ff00fffd
fd0204fd
03fefd01
fefe0202
0302fcfc
01fffdff
0402ff00
000202fe
03fffd03
0000fdfc
0304fe02
00ff0100
040104fe
ff01fdfd
0304fd00
020200fd
01ff00fd
0303ff04
00fe0201
01030302
02ff0003
fe03fcfe
03010302
fd0304fe
03feff00
fc00fe01
00000403
04ff04fc
fffefdfe
fd010403
fe03ff04
040203fc
fc04fcfd
01fc0104
fc03fd04
fc0303fc
fc020203
ff040003
fffcfcff
0301fe03
01020200
03fc0400
00030203
0201fc03
030400fe
0400ff01
00fe0103
fcfd01fc
fcfc0300
feff03fe
0002fffd
04020303
02ff03fe
02fcfdff
fc0001fe
03040104
01000102
02fcffff
fdfffdfe
fcfdfc04
0303feff
fe02ff01
fc0101fe
fdfdfdff
fffe0102
03fcfe04
fefefffc
00fd0102
ff040202
03fd01ff
fd01fdff
020401fe
00010101
fe0002fd
fe020102
fd000003
fcfd0300
fcfd00fe
0001fe01
03000001
fe020400
02010104
fe03fdfd
fcfc0202
040100fd
04fe0403
00000300
fcfc0203
ff04fdfe
ff0202fe
03fc0300
04fd01fc
0000fc02
fffeff03
03ffff04
fdff00fe
03fffc02
0303ff02
fcfdfffd
0104fd04
03fefe03
02fdfc02
fe0100fd
fdfd00fc
04040304
01fdfe04
04ff00fc
00000202
020301fd
fdfcfefc
fcfdfdfe
0100fc04
feff0204
00020404
01fefffd
fd03fefc
02010403
010302fe
03fd03ff
0100fd00
fc01ff02
feff0402
fdfdfd00
03010403
fefefd04
03020402
fffe02fe
040000fc
00fc00fd
03fefcfe
fefefc04
04fefefe
fdfe03fc
0001fcfe
0400fcfe
fc0204fc
fefcfdfc
04fc03fd
fd0002fc
0201fcfc
fcff0101
fc030102
0302ff03
03fd00fc
fd01fc00
fe04fe04
fd0204fe
feffff04
fdfd00ff
00fcfd02
ff000202
fe04fcfe
fefefd04
fd03fe01
030400fd
0001fe03
fd00fe02
0100fcfe
fffd0202
ff04fdfe
0100fc01
fffefffd
fffdfffc
fefe02ff
00feff01
020000ff
fc020203
04fe0202
0001fe03
02fcfdfc
020100fe
ff0301fe
00fffdfc
02feff02
fc01fd04
ff00fe04
fdfe0100
010200fe
01fd02fd
04fd0200
fd02fd01
03020100
000304fd
03fcfeff
ff040203
00feff01
fc030002
000100fd
ff02fffd
02fcfffe
030104fe
fcfe0403
ffff02fd
fd00fe03
02020101
fc030103
fcff0201
01030104
03040000
ff030401
fefd01fc
fc0402ff
fefefe04
01fffc03
000402ff
fe00feff
030002fd
040300fd
03fefdfd
000101fd
0001fefd
fd03fdfc
fc0102fc
fc0201ff
fdff0200
01fd0003
0402fcfe
fcfe0400
fefcfd01
03fcfc04
04010203
04fe0002
fd0001fd
fcfe04fe
0403fd01
02ff0202
0000fefc
fd02ff04
030100fe
04fcfcff
03fffeff
00030200
fdfffc01
0202ffff
00fffc02
fefc03fc
ff02ffff
0404fffc
ff03fe04
ff010200
ff0402fe
feff01ff
ff00fdfc
fd0301ff
02fc01fc
fefcfdfc
fdfd02fd
fc040301
feff0202
00020000
fd01fdff
0402fdff
0002fdff
01fc03fe
040403ff
010302ff
030101fd
01000401
01030202
0202fefd
00ff00ff
ff0004fc
01ff0404
ffff02fe
0103fd04
0204ff01
040100fe
fc03fc01
01fe0200
04fffc01
fe0203fe
ff03fdfd
040101fc
fd020001
0300ff03
0302fffc
fdff0300
fcfefefe
0303fcff
00fdffff
fd0201fc
ff00fffc
0202fd00
fd010101
fe000203
fcfe0203
ff03fe03
fe0202fd
00fe03fd
04fefe00
04fe03fe
feff0103
fcff0300
fd00fc04
00ff0103
03fcfd00
ff02fdfc
ff030201
0201fe01
01fd0103
04fe0100
0303ff04
fd02fefe
02fffe03
ffff0303
fdfefc04
01fdfd01
fe04fd04
0001fdfe
fd03fc02
010401ff
fd000402
02fefdfe
00fcfcfe
fefcfc02
00040301
03010302
fdfefcfd
0100fdfe
03fffc03
fcff04fe
fc010302
fcff03ff
0202fe01
fc000201
fdfffdfd
0201fd01
00020000
fd040203
fd03fffc
020301fe
fffefc03
00fd0303
03020403
fe01feff
0000fe02
ff020102
020104fe
ff020200
fffd0404
fc03fdfc
02ff01ff
fefcfdfe
ff030002
fe040204
03020101
00fffe01
04fefffe
04fc0403
fefc0103
ff02fd03
000304fc
fe030100
04fdfd02
04fcff01
ff0002fc
03fc0001
02040401
0204fc03
00010000
fffcfe01
01fc0404
01010101
04ff01ff
03fcfffd
00fd0002
fd020400
fefc0200
02010004
fffffe03
0304feff
0304ff03
01ff0201
fe020003
000403fc
fe010200
0203ffff
ffffff04
fd0400fd
ff01fdfe
00030001
04fefc02
fffefe01
fd02fcfc
fdfe0402
040102fc
04000302
fc000203
03fd02fd
fefe0300
030000fc
010101fe
fc00ff00
03ff0400
01ff0103
02fc0002
fffdfdfe
fe0003ff
01fcff03
0003fefc
040400fd
fe0001ff
fe020402
0300fd03
00fc0203
02fdfe00
04fc0003
0202fe03
04fffdfc
00000102
fe04fefc
fd0301fc
fcff0304
010104fe
0101fc04
fd010304
fd0201ff
fe04fd03
01fdfd04
030204fe
02000402
0101ff03
040303ff
01fc03ff
fc04fefc
ff02fc03
fd010402
ff0001fc
04000302
feff0203
01fefc03
fefd0004
0402fe00
fd030104
03ff0303
fcfeff03
00fd0104
fefd0302
030303fe
fefd03fe
fe030000
fcfc00ff
04fefe03
00fc0101
0301fffd
fffc0202
fcfc0203
ff02fc02
fc0103fd
03040404
0400fefe
03ffff04
fefefc02
04fefcfd
000302fe
fdff0101
fe000100
00fffdff
fe01fcfd
0204ff01
fcfcfe02
fc0401fd
fcfefe04
00fffffe
02fe0404
fffefe04
fffe01fc
fd01feff
0302fdfd
04fe0201
03fdfe03
04fefe04
fe0400fd
fcfcfd03
fd0303fd
fd0201ff
fc03fc00
02fefcff
fcfc02fd
fcfc04fd
ff02fd02
fdff02fe
fd0102fc
fc0000ff
03020200
0401fe00
0103fdfe
fcfffe03
000204ff
fffffe00
01fdfcff
fdff01fe
fcfe0203
0200fe04
fffc02fe
ff02ff02
01fdfefc
0104fdfc
00fdfe04
02040304
00fd0100
ff020100
0000fd02
fffefdfe
04000404
fcfdfeff
04fefd01
000003fd
fcfd0402
010202fe
fe03fdfc
fcfc0301
00030200
01fd02ff
0200ff00
ffff0304
fe01fc04
0202fcff
fc02fffc
ffff0401
0200fc02
0001fefd
04fc01fd
00030204
04020001
fd040403
fe030300
ffff04fd
ff04fd03
fc040402
0404fc03
00fcfd04
ff010401
03fefcfe
02fdff01
fefcfe02
ff03ffff
00fcfd00
fdfffffe
000201fc
0403fc01
fe02fdfc
000002fc
02fd0402
000002ff
fe0101fe
03020202
0102fffd
fc010401
010101fe
00ff0303
01030303
fcfc0303
fefcfd00
fcfd0101
010301fd
04fffdff
fffe0201
ffff0401
fefd0003
fdfcfd01
fd000103
fc03fc03
ff0203ff
feff0101
04ff03ff
0102fd02
fe0103fd
fcfd01ff
fd0300fc
02fc0104
fc04fd04
000002fd
03020000
fd040200
04020301
fc0402fe
01fcfc02
fe0101fc
fdff0404
fe0003fc
fe00fc02
fe020302
03ff0002
ffff0104
ffff03fe
01030403
03000101
000300ff
fc020201
020104fd
fdfefc01
03020000
fe040403
04fcfc04
0201ff04
fe030403
ff0302fd
0102fc00
04fd0300
fcfc0204
01fd0204
04040304
fefd04fd
fc000000
0403fd02
fd01fc04
03fefd02
ffff0400
0101fe03
fc02feff
04ff00fc
01000102
00fcfefe
0204fdff
04fefe03
fc02fcfd
fd0002fd
00ff01fd
00fffe02
fd030201
04040100
03ff0404
03fc00ff
fcfcffff
0003fe03
010101fe
fc00ff01
020002fe
03fd04fc
fdfefe03
0202fc04
0401fe03
0400fefe
fd00fd04
fc03feff
04fd0303
0203ff01
03000301
01fcfcff
fc000104
0202fefd
fcfefcfd
ff00fffe
ff00ff04
01ff03fe
fffefd03
040303fe
fdff0201
fd00ff02
0402fc03
02010204
01000400
fdfffc01
fd03fe04
fdfcfd04
02000403
04010302
02fe03fc
030403fe
fefc00fd
04040401
fd0201fe
fe000200
fc040404
fd00fefd
fdfefe00
04000300
fc0302fd
0400fc04
fefc02fe
ff03ff03
04040004
040302fe
040404fe
fffcfd00
fdfd0404
fc01ffff
03010104
fd00ff01
fe030203
010004fc
01ff0403
03030401
0301fefe
ff0204ff
fdfeff02
ffff0102
fefcfc04
fd020103
fcfdff00
0401fdfc
02fc0303
0003fd00
fd00fe00
ff010303
00ff01fd
fcfefcfd
fd00ff02
02fcfe01
0102ff00
fffd0101
04030403
0302fd00
fdfc00ff
fd000302
ff02fffc
01fd0303
02fd04fc
00fd0301
fefffffc
ffffff00
03010302
01030104
fc0200fe
00fc02fe
fe03fd01
040101ff
02fdfc04
ff0300ff
0304fe02
fefc01fd
0103ff00
0101fcfc
00fefeff
0201ff03
04fcfffe
fcff0303
fc03ff04
fe01fffc
fdfe0301
fefc0203
ff040302
030002fe
00fdfdff
01fcfe01
fffcff02
000004fc
040100ff
fe0303fc
01ff0200
ff0201ff
03ff0403
000304fe
020402fc
fffe03fc
02fdfd00
040104ff
fcff0200
fd0104ff
fffdfdfe
fefefcfd
fc040102
03030200
01030400
0103fffe
01fefc04
03ff04ff
fcfffefc
04fe0002
0000fefd
00fd0201
010000fd
fefefe04
fdfd0304
fd030400
0101ff02
fd03fdfe
0404fe00
000203fd
fd03fe03
030201fe
fe00fc00
fcfefffd
01000203
0100fe00
030101ff
fc0002fd
fe02fe02
fc0203fd
0002ffff
04040104
fcff01fe
fdfdfd00
fe010203
fdfffcfd
03030100
0201fe02
fe030300
fd0103fe
02fffdfe
fd01fdff
02fc00fd
00fcfffc
01fd03fd
fe03fdff
040402fe
00000201
02000404
0102fdff
fc0202fd
fefdfe03
ff0103ff
0000ff03
03fc0302
04010400
fd03fc01
01fffd04
fc040402
0102fdff
04ff0004
00fefdfd
01fe00ff
fcfffdfe
ff00fcfe
04fdfefe
fd000300
03fffcff
fefffdff
fe02fd03
fe04feff
03fc0304
fcfcfd04
00030403
03ff0301
00fe01ff
fe0002fc
fdfcfdfc
fe020302
0104ff01
fefeff03
fc040102
fdfefcff
0101fc03
fe040202
fc02fe00
02ff04ff
04fe01ff
02030200
fe040304
030204fe
fe000300
fdfdfd00
03fc0202
fdfdff04
000304fc
01fcfdfd
fd0302fe
01fefd00
0404ff02
04fe0302
00ff03fd
0401fdfc
feff00ff
fdfcfffd
fefd04ff
fdfdfc04
01fc0302
fefc03fc
fe01fffc
ff04fc02
01fc0200
0000fe03
ff01fcfc
02fd0003
fe040001
fefd0003
fefefd02
03fdfffc
fffe0304
00fd0203
fc02fdfc
fcfcfdfc
ff00fd00
0104fefd
fc02fc03
fcfc0201
00fc00ff
00ff03fd
fcff0101
02ff0304
fdfd0300
03fffeff
ff00fe02
0203fd03
0101fdfc
01fcfc04
020100fc
fc0104ff
04feff00
fcfffdfc
00fe00fd
01fefc02
0101fd00
fc000101
fc0301ff
0000fdfc
fdfd0302
fd040302
0200fdfe
fdff0403
01010000
fffe02fe
ff020302
03ff04fd
fe02fffc
fffe02ff
ff02fc02
fefc0101
0401fe03
ff0400fe
fffd04ff
fe0201fe
ff0100fd
fd000100
0204fefd
fd0302fe
fefcfcff
fcfdff04
01fcfc01
00fcfcfd
fe03fe04
fdff0000
fc0301ff
0102fe01
000400fc
0302fc01
fffdfffe
02000300
fdfefc03
fe010204
0202ffff
02fd03ff
fe030403
03fc02ff
02fffd00
fd00ff04
fefd0104
ff01fe03
01030404
fe02fd01
fd01fd03
fc04fcfe
00030004
02010404
0101fc00
020200fc
fdfefd01
02030401
ff04ff03
fcfc0402
00020203
fc020000
fe010101
fcfefc04
ff000301
ff0202fd
01fefe00
0104ff02
fdfc01fd
ff04fcfc
00030400
fc000304
ff010302
00040200
fdffff00
04fdfc02
0402fefc
01fc0200
fe03fe04
fc03ff00
0403fd01
02010300
01000002
040300fd
ff00ff04
0004fe04
fd0302fc
fe02ff01
0003fffe
02020304
fe000401
010203fd
00fdfdff
ff03fd03
fc020303
fcfeff02
0202fffc
fd040101
0301ff03
fc02ff00
03fd0003
040400ff
fffc0402
fcfeff00
fd0104fe
ffff03fd
fcfd0102
fc040201
fc020100
fdfdfe02
0000fd02
fcff03fe
04fe0004
00fd0002
0302fffc
fd00ffff
000001ff
0302fc01
03fe0403
04fe02fe
0302fefe
02ff03ff
03ff01fe
fffcfc02
fe04fd01
0102ffff
fffc0203
fffd01ff
02fefc04
0202fd01
0100ff02
00fd0003
fe0401fe
03fffc04
0201fd01
fc03feff
0201fc04
03ff0300
04ff00fe
03fcff01
fe03fc03
03fffcfd
0004ff00
04fefe04
02040103
fcfc0203
fc01fe01
fdfcfcfc
fffcff04
fffe0101
01fe0104
00fe0004
feff00fc
04fdfeff
04fefefd
fefdfe03
fe030201
03fefffe
0202fe01
000303fd
020303fc
ff03fefe
01ffff02
00fdfe00
00ffff01
04fffefd
00fffcfe
00fc0103
03020203
fefd0404
0104fd03
0302fc03
fcfcfcff
0404fefc
fcfcfcfe
010103fd
fc04feff
04000004
02fc00ff
04fd0100
fc020401
0203fc01
040404fd
030101fd
fe00fdfd
02feff00
01fffe04
fcfe0101
0402ff04
fcfc0400
ff01fd04
fe0000fc
01fc02fc
03fffc00
fc01fefe
ff02fdfd
fdff0404
010301fd
fc030404
03040204
01ff0003
fffdfc00
fdfdfcff
0300fc01
fd04fcfc
04ffff00
0301ff01
fd02fe02
fffd04fc
ff03fdfe
00feff00
0404fffd
000404fe
030204ff
ff0102fc
01fc00fd
ff020200
fefe0004
fcffff04
00fd0400
ff000003
01fd0304
04fffc04
0101ff03
02ff02fc
040104ff
04fefefc
04020403
fffc0101
fffefefc
01fc0200
fd020100
04fe0404
04010303
00ff0004
fe00fc02
fe01fffd
0204fd03
0402fffd
fefe04fc
fe0300ff
02040400
0204fc02
fcff0401
fefdfe01
02fcfdfe
0402ff04
0401fffc
fc03fffc
fdfd0204
010303fc
fc020100
010203fe
fcfd0400
00010404
04fc02ff
fdfe00fe
fc030002
01000102
ff01fcfd
00040104
030401fd
02fdff01
0401fd04
00030301
0403ff01
02fcfffe
fefdfe00
04000004
040303fc
0002ff04
00ff02fe
02fffdfc
04fe03fd
fefe03fd
fffdff01
fc0200fd
fc01fd00
01ff0000
01fc03ff
04030103
0302fdfc
fc0302ff
fc0002ff
02ff00fc
fe01fe04
040100fd
01010002
fe04fd01
fe040204
0102ff04
0002fffe
feff0403
0203fc02
feffff02
01fc00fd
ffff0104
0100fcff
fc03fd00
04010204
feff03ff
0302fcff
01010400
feff0203
02030402
02fefe03
01fd02fe
fc000400
fd01fc02
04fe0100
03040302
03fdfefe
01030003
04fc03fc
000400fe
fd0300fc
00ffffff
fdfefc04
01fffdff
fcff0101
03ff01fe
fc03ff01
fffd02fc
fffe0001
fd0102fd
fffefefd
020000fe
04010204
fffe0100
fd04fd01
fd0400fe
02fe0003
fc030100
03ff0200
ff00fffd
0400fe01
0001fdfe
fd00fffe
fc0303fe
00fdfcfc
040200ff
01fd0101
ff02fffc
00020002
02ff0303
fd020101
fd030403
fffdff00
03fe04fe
00fd01fc
03fc0000
04ff04fc
030103fe
fc000302
0202fd04
fdff02ff
fe03fc02
02fc0201
02fd0302
ff02feff
fffc02fd
04ff01ff
feff00fd
02fc00fd
fd0303ff
0004ff04
0200fe02
fefdff01
0201fd02
fc0204fc
04fffffc
fd020300
0101ff01
02fefd03
0002fdfd
fc03fe00
fc04fc04
04fffe00
0400ff04
fd0000fe
fcfdfefd
fcff0303
0102fffd
04fc0301
fffe0201
0203fe00
fc000403
fc04fc03
ff00fffd
fe0203ff
0103fdfe
fcfe0002
fcfdffff
04fefc04
fdff02fe
fefd04ff
fdfc0004
fcfc00fe
fd010302
fe0400fe
04fe0001
00000102
fc03fd04
00fefdfd
0301ffff
000104fe
ff020402
00ff02ff
0203fe01
04fefdfe
0300fdfc
03ff0101
0304ff00
ff010003
fc010100
fe03fdfe
03fd03fc
0303ff00
020400ff
0403fe00
000304fd
fffffdfe
fefffe02
02040204
fcfd01ff
fd030202
02fcfd00
0304fd01
0104feff
fffcfd03
0001ffff
03000103
04fffc01
fcff0403
0001fc04
0000fffc
020304ff
fcfcfefe
00ff04fc
04ff01fc
fcfeff03
03fc02fd
0203ff01
030102ff
fefcfe00
fefe0401
fe00ff00
fdfe0200
0404feff
fffffe00
04010302
fffd00fe
01020201
00fe04ff
0101fe04
030200fc
0202feff
ff0302fd
fc04fe00
fc0001fc
fefe00fe
01fefc02
feff04fc
03ff0100
0100fefe
fd0203fc
0303fcfc
04fefc01
00fc0303
ff04ffff
fd0203fd
000103fe
04020200
04ff0202
fdfd03ff
0302fffe
0104fd02
fffd03fc
fffc0403
fcfcfe03
0403fd03
fe00fdfe
0304fdfc
fefdfe02
0101fffc
ff04ff00
fd02fffe
fd01ff00
0101fcfe
01fe00fc
fc03fe02
03fcfdff
fffcfc03
fc01fffe
fcfc0401
030302fd
04fffd04
fe000403
04030102
ff01feff
04fe00fd
ffff02fe
fffffcfe
03000200
fcfcfd03
000204ff
fe04ff03
01020403
0303fffe
01fd0301
0203fd00
fcfffc02
0102fe02
03010201
fd03fd02
03fe02ff
fc020301
01fefd00
fd03fc02
04fffe00
030000ff
fe02fffc
000204fe
fdfefc00
fefe01ff
04fd0001
03fe04ff
fd040001
04ff0001
010204fd
04000202
02030103
01fefd02
fd01fe04
fefe0103
ff020301
fffd0200
fd03fdfd
fc02fcff
fe01fffd
0402fefc
0201fcfd
fffc0000
fd0004fd
02ff01fc
ff04fffd
01040103
ff04fc01
03fd0401
010302fe
01fd0200
fd03fcfe
ff00fcfd
fc010301
fffc0004
fe0202ff
ff04fcfd
03010003
0301fcfe
fffcfe04
030401fe
040200fc
fd0400fe
fdff0202
fefc01fd
fefe0402
ffff0201
03040203
02fd04fd
ff0204ff
04fe0304
0401fcfe
01fc03fd
fefdfefd
02fe02fc
04fffc01
fd04fe01
0404fd01
03fcfdfd
fefe0403
0401fd01
fdfefd03
ff03fe04
040004ff
fe04fd02
000004fe
fe03fe02
fe010203
fffe01fd
fdff03fd
00fe0404
fc02fc03
fefefe01
fdfe0303
00fcffff
0101fc03
0404fc01
fc01fe03
fcfe0001
04030200
00fdfe02
03010000
01fe02fc
fd04fc00
fefffc02
fd030001
0201fffc
fefe0003
00fc0401
fc03fe02
fefffd00
fe040401
fdfc02fd
fefd0200
fe00fdfd
01fffcfe
0301fd03
02030302
0404fefd
fcfe00fe
03030100
03ff03fe
fd0101fe
0203fe03
fefffd04
fdfefefd
02fefd03
03fefd03
fd02fefc
000103ff
03fc0202
fc00fe04
fcfefefe
00fd0000
fe0102fc
fffd0404
04fdff04
0204fd04
fefc0303
02feff02
0102fffd
00feff02
00feffff
0300ffff
03fd0004
ff040104
fe02fcfe
03fe0102
fc0204fc
03fefd02
fffd01ff
fcfe02fe
010404ff
02ff03fc
fd040401
fe04fc04
02fc0402
02fdfe03
fc040103
03fc0101
04fcfe00
fcfcfdff
fdfd03fe
fefdfd00
fefd0201
fd020003
fcfe0004
03ff0302
fdfdfeff
fdfe01fd
03fdfd03
fe000102
00fd03fd
02fd02fd
fdff04ff
fe00fffe
03fefd00
fefe0103
fefd0203
01030204
ff01fffe
0200fffd
fffc0300
fd00fefc
01ff0302
fd01fc01
fefcfc00
fc030002
fcfffefd
030301fc
feffff03
fffc0401
04fe0300
fe04fffd
02040100
02000402
02fd0204
fffffc02
fe020200
ffff03ff
000301fc
fd0404ff
fdfffd02
0300fd03
fffc0204
03030201
0301fffd
03ff02fc
03fc0304
020402fd
fcff0001
01fdfd04
02030403
040001fd
fcfe03fd
00ff04ff
0102ffff
04fd0300
fe010100
030400ff
ff01ff01
04fd0404
fc0204fd
040301fe
feff03fc
030104fd
02fffdfd
fefd0402
01ff0000
03fc0003
00fe01ff
fffe0202
04fc04fc
fefe0203
fe010200
fc01feff
fd01fd01
fc02ff02
fcff0304
fdfcfe03
04040000
01000201
fd0200fc
04fffd01
fcfd0101
fc03fc02
03030204
fd04fd03
03fffcfc
fdfe04fd
040204ff
01fe0303
ff04fc03
0102ff01
ff04ff02
04000301
0403fe02
01feffff
fffefdfe
fefcfc03
00fefcfc
0401fe04
03fdfe04
fe010004
030103fe
0302fffe
03fdfefd
fdfffcfd
fe03fdff
ffff0202
00fcfdfd
0301fe00
00fcfc03
fdfe0400
000103fe
fdfefdff
02ff0203
0400fe01
01000403
ff01ff03
fefffc04
ff03fe00
00fffe03
010302fd
fdfe0301
000004fe
04fc0402
fd000203
fefffd02
01020003
01fcff01
000202fe
02fe0300
00fc0403
fcfc03ff
000103fd
00fcff03
fe03ff01
00020304
01fffc01
fd020203
04fc0402
fffc03fc
0400ff03
0102fd01
040202fd
fc0101fe
ff03feff
0203fffd
0204fc03
fcfdfc01
fcfd0202
fe0000fe
000104fe
fcfcffff
01fe04fd
ffff02ff
fc010404
fefd0302
02fe0301
fd02fdfe
040002fd
0300fffe
fc0203fd
0003fcff
0201fefd
fcff01fd
0204ff04
fcfd02fd
02ff0204
010300fc
04000304
00fffc04
fffe0101
fc00fe01
02040002
fc010400
010101fc
030203ff
fd03fc03
fc01fd03
020001fe
ff000403
01010002
00ff01ff
fefe0201
0101fc01
fd04fc00
fcfd0004
fe02fdfe
03020402
fefeff04
04fe0401
0304fdfe
030201fd
fc0202ff
03fe00fc
fcfc04ff
020300ff
fcfdfd00
fffc0003
ff0002fd
fc0004fd
fcfe0401
04fe03fe
fefc0300
030303fe
03fdfffd
fe030203
0003fffd
01fefffe
fcfefd02
fe04fc03
04030401
01feff03
010101fd
03fcfdfd
0004ff01
fe00fd01
0100fcfe
fffdfdfe
02fd0002
000000ff
00fd03fe
fffefcff
01ff0400
0004ff02
fefe0002
01fd04fe
ff000303
04ff0300
00020403
fc020204
fdfe0202
00030101
030000fd
03fffe01
fdfe02fc
fcfe0100
00fc0300
02fffe04
030401fe
fc020104
000303fd
010202fe
04010001
ff010200
04ff0101
ffff00ff
fdff02fc
0402fc02
02020000
0404fefe
fc000402
fe000302
03fffd03
02ff0002
00fdfdff
fdfefc03
03030103
fd020101
040401fc
040002fe
0402fd00
03040304
01fcfe00
feff0203
fefffe02
04ff02fd
ff04fcfc
03fe0103
ff00fc03
0004fc02
fffcfdfd
0304fc02
ff00fcff
03fe0201
02000203
04fffc00
03fd0302
fd04fe01
01fc03fe
0201ffff
fdfffd02
fffffeff
03030303
0204fc02
02000000
fe03fdfd
02fffeff
00fcfefe
fdfcfcfc
fd0304fe
01ff0300
01010101
fefc0200
fcff0301
04fdfcfe
fdfffc01
01030202
fc030400
ff04fe02
03fdfe01
04040200
fefd03fe
03fd0004
fe04ff04
fefefc01
fdfcff02
01020102
ff0300fd
0002ff03
fe0400fe
040301ff
0001fffe
fe01fcfe
0404fdfe
ff0104ff
fe02fdfe
03fcfffd
00fcfdfe
fd0404fe
fe03fd00
fc040003
020202fd
0201fe02
00fc02fd
fe03fdfc
04fcff00
01010403
000300ff
0403ff00
fdfe00fd
01fffd03
fefd00fe
01000203
fefc03ff
fe04fffc
fd040102
03fefffe
0200fd03
fc0400fe
0403fdff
fd0301fe
fcfeff01
fdfdfd04
040002fe
03fdfc00
fefffffe
fd0204fe
0004fe00
00020403
fd0304fe
02fd01fd
00020304
00fcfd02
fefe01fd
fe02fd01
03010203
fe020204
0401fffd
04fc0301
fd0304fc
0200fdfc
010102fd
fefc02fe
fd03fffc
ff01fefd
fdfc0400
0203fd03
01fdfd03
fd02fcfc
01fe0300
fd020202
00040204
fffffc03
fc040000
02fffc01
00fe00ff
fdffff02
ffff0404
fe04fc01
fcfcff00
03030403
fdfc01ff
fe02fc01
0003fffc
00fdfd00
03fefd01
fefd00ff
fdfcff03
0101fcff
fd010202
040200fc
fe03fdfe
0301fdff
0000fcfd
04020001
010202fd
02fc0204
0301fefc
00fffd04
fc0000ff
00fd0402
fffc03fc
fdfc03fd
01fdff03
04ff02fe
02fcfe00
00ff0004
03fdfeff
0100fe04
0401fe02
0301fd03
fefcff04
03020402
fcfcfc03
0300fd02
fffd0003
01fcfeff
fdfe0300
fcfefefe
fffe00fe
0202fe01
fd000304
fc02fcff
04fdfe01
00030003
feff0002
fd0204fe
00fc0002
00010003
fdfc03ff
03fcfdff
fd00ff01
01fd02ff
00030403
fe030101
0203fc02
fefefe03
02fffe00
fe04fefe
0102fdfc
03020200
fe030302
feffff01
fc0104fe
00fc03fd
fcfefe03
0201fffc
02000402
0301ff03
01ffff02
00020000
fcfcfdff
fc0402fc
00fc0304
02fe0403
04fcfc00
0301ff04
02000004
fdfcfe03
01fffc03
040404fc
fffd0004
ff00fdfd
03fc0104
00fe00fc
03fcfd01
fdfcfe02
fefeff00
000104fc
020203fd
fcfefcff
fe00fffd
feffffff
030100fc
fffffe03
fd0301fd
030201fe
ff02fe01
feff03ff
010202fc
0103fefe
00020001
fcfffd04
03fc0004
fd03fc02
feff03fd
fcfc0302
ff01fe02
03fd0403
03fdff01
fd0302fe
04fdfc03
fc030102
030402fe
00fc0302
ffff0303
ff0100fc
fffd00fd
03fefc01
fc030104
000003fe
010002fe
00fc0102
04fcff03
0104ff03
01000103
03fcfcfd
fcfefcff
00fdfffd
fffd0403
fefffe02
fe0200fd
01030000
fdfc03fd
0101fcfd
0404fcfc
fcfdfd02
ffff0200
0203fcfd
04010400
03010202
04fe0300
00000001
fffefefe
ff040002
020402fd
03fc0103
fcfcfe01
00fd0303
03fe0100
fcfdff01
01fefc03
fcfcffff
fcfd02ff
fe000200
0303fdfc
03fffc01
02fc0004
0403fd02
fc01fd04
fe0300ff
0204fcfc
fffd0100
fd0300fc
fd03fffd
fffc0201
fdfefe01
fcfdfc04
fefd0100
04040402
ff030000
0101ff02
fffc0103
ff040002
fc000103
040101ff
ff040402
02fe02fc
00fe0300
04ff00fc
fefcfd00
fc00fcfc
02fdfcfd
04fffdff
0403fefd
0402fe01
fcfffc00
030202fe
0104fdfc
04fe03ff
ff040204
040103ff
fefdfcfd
00010002
0204fc02
03fefc03
fdfffd03
fefdfdff
fc010204
fd04ff01
0403fe01
fe010402
02feff04
fefefc02
fe02fd02
ff0402fe
ff040101
04ff04fc
0302fe00
04fffffd
fe0204fd
01fd0402
fd00fe03
0204ff03
03fc04ff
03fc0102
02fe04fe
fdff0002
fc010301
ff0402fe
ff02fe03
ff020303
fcfd03ff
00020004
0202fc00
fc0401fe
fd010300
feff04ff
fefefc02
0404ff00
fe000204
00020100
ff01fd00
04000202
fefcff00
fcff04fc
0301fefe
02010302
03fffc00
00fc04fc
0000fe00
fffc0302
0404fefd
fd01ff04
fdfffdff
01fefcfd
030404fd
04fe0403
0001fc01
fcff0403
02fdfdfe
fcff0403
0202fdff
fe02fcfc
0402fc02
02fefc04
0304feff
fd0401fd
fd0203ff
fe030203
fcfe03fe
01fc01fd
fffefffe
0302ff04
0103fefe
fefe00ff
04ff0001
04fd04fc
040104fc
01fd0000
01ffff03
00000401
0302fe01
0104fffd
02040402
02010304
fd030404
04fc0000
01fc03fd
01030303
0103fd03
04000004
0303fffd
ff0402fe
00fdfd04
fc000202
ff00fdff
0001fd01
01fefc04
ffff01fc
fefdfefd
04fd0104
fffcfcfd
fe040400
fffc00fe
fe0401ff
ff01fe02
00fd03ff
01000401
000303fc
fffc03ff
ff030301
fc03fe01
04020404
02fe0403
03fdfdfc
01fdfdff
04040001
0104fdff
0304fe01
ff020200
02ff0103
fcfcfffe
0300fd02
fdfeffff
0200fcfd
03fc0300
0402fc00
ff0403fd
04030103
04fdff02
01fc0200
ff030201
fffd0002
03030104
030003fc
0300fcfe
02fdfd04
fe040302
0000fffe
0100ff04
03000404
ffff0200
fefffefe
040304fc
0100ff03
fcfcfdfe
fffefd01
02fd0104
000001fd
02ff0302
00000102
00fefdfd
01fcff04
04fdfdfc
fefe03fc
0200fdfe
0403fd01
04fcfd00
ff02fcfe
ff04fc02
0101fffd
fe010200
03040202
00fc0000
0200fdfd
ff000104
03ff03fd
000304fd
00fd0201
0001fd04
fc000403
0301fc01
ff01fe00
ff020004
01fdfc02
fe0202ff
fd03ff00
fefffd03
fe04ff00
01ff0402
01000304
feff01fe
04fe0000
03030100
03ffff03
fffe0303
fefe0204
fdfd04fd
fd04fe00
010301fc
04010302
01fcfe03
040201fd
fcff0302
0001fffd
02020103
0401feff
01fcfefd
feff0401
0204ff00
fe03fe01
ff00ff03
fe01fe00
fcfcfefd
fd0003fd
ff03ff01
fdfd03fc
fffcff00
03fdfdfd
010001ff
fffd03fc
03020103
0201fcff
fefcfd03
010200ff
010004fe
02fdfdfd
0100fe03
01fcfffc
fcfc04ff
00040202
fcfcfd02
fe040104
fdfffe03
02040201
fffffcfc
0101fe00
02010400
01fe0302
fffdfefe
02fcfdfd
00010103
0300fd02
fd010401
0403fcfc
04fe0201
010101fe
fc02fc04
fd010200
010001ff
04fffdfe
0101fefc
0104fc03
0401fcff
00fefc04
fe040001
fdff00fd
01ff01fd
fffc00ff
fefc0004
00ff04ff
0402fdfd
03fdff03
fdfe0201
01fe0201
fd030404
00ffff00
fe020301
00fefd04
01020001
020002fd
fd04fc01
04ff0202
03fdfcfc
fffd0303
fc0102ff
fe0303fc
01fffefe
00fefe04
0003fe02
fdfd0003
01fc0000
04fc03fc
0202fdfe
02fcfd04
02fffd03
ff0102fe
fd030401
fdfefcfe
0100ff01
ff020000
0003fc01
fcfd03fc
04030303
fc01fc04
0103fefe
03feff02
0103fffc
010000fd
0000ff01
010303fc
0402fc02
fefefd00
03fcfdfd
fdfdfdfe
fe0004fc
fd01fcfe
020401fc
fcfc0002
03feffff
fe040102
ff02ffff
040200fc
01030100
fd03fd03
fefcfe03
fc00fdff
0000fc00
fefe0104
fc02fefc
02fffd01
fd01fd02
fdfc04fd
fefdfd04
00fdfc02
03fd0300
02fcfc01
fcff02fe
0002ff03
fe020101
fcfd0204
04030203
fcff00fc
000000ff
03040003
fc02fe04
fd000402
04fdfd04
0404ff04
ff040300
020203fd
fe010204
020203fe
01fcfe01
fcfefdfd
0400fffc
fd00fffe
fc010303
040102fc
ff00fcfe
fdff0102
0201fc03
00fefd01
fe040400
ff000200
0003fe00
0204fefe
fffd02fd
00fffefe
04000000
fc040300
01fe04fc
02fc0300
01fc03fe
0201fdfc
fe03fcfe
fefe0304
02fffe04
0300ff04
ffff0101
fdfc0303
01fefd03
01fd0101
fd010002
0200ff01
fffd0101
04fffffc
0401fd04
0202feff
fffe02ff
030002fc
04fefe00
fcff03fd
fe0101fc
03fffdfd
fe030304
fffeff02
fefdfd03
fd01fdfd
fdfc0304
fefc0000
fe0300ff
00fffd01
000101ff
0303ff04
03020004
fe010100
ffff04fd
fefdfdfc
ff01fdff
0400fd00
03000103
fffffeff
00ff00ff
0200fe00
00fefc02
fcfe03fd
fcfe0104
fcfe0402
fdfc0204
fdffff02
0100ff04
0403fd04
020102fd
04fdfc01
0201fcfe
fdfcff02
fe02fdff
fc00fc01
fdfe01fc
04fcfdfe
fe010303
fefcfd01
fefc02fe
fcfd03ff
030302fe
fc04fd02
0402fc03
0304fe04
fcfd0204
0000fcfd
04ff0102
ff020203
00ff0100
01020104
fe0302fc
0204ff03
fdfffc00
fffd02fd
0103fdfc
02fdfe04
fcfefd01
0202fc02
020001fc
ffff0101
04fdfe03
fd04fe02
fc02fcfd
00030202
01fdfd03
fd0202ff
04fefcfe
fefcff00
04fe0003
0101fd03
ff000103
fc030204
04fffcfe
0203ff00
0102fc03
00ff0101
040204ff
ff000203
04fe0204
fefd0103
fc000103
040101fe
fd04fd03
fc00fd00
00fd0002
020203fc
fdfcfcff
03fe0101
01010303
ff0202fc
030300fe
fdfd01ff
0001fe00
fcfdfcfc
ff0400fc
feff0104
fcff0304
03040104
fe03fe02
03fe0401
ff010301
000400ff
03040004
fefd04ff
01010100
ff0104ff
02fc03fe
fdfffe02
04ff03ff
02020300
ff03ff04
000303ff
03fc0104
fdfc03fe
01040402
0302fd00
04fe0403
010404fc
04040201
02fd0303
fefcfffe
02fd04fc
fffd0002
ff000302
02020102
ff02fe02
fd020300
fdffff01
01020303
03000000
fd030004
0000fd01
fdfcfeff
fe0404fd
03ff00fe
04000200
fcfc0001
fcfe0203
fefc00fd
fd010201
0204fdfd
fcfdfc02
0104fdff
fffd0001
0304fe04
fffe0203
02fdfc02
01fffc00
fefffffc
fefdfd03
0102fdfd
04fefe02
ff020304
01000000
04ff0402
03fcfd01
fc00fffd
04fdfe00
fe010401
ff040201
04ff0302
ff0302fd
fcfe04fc
0200fefd
fc0400fd
02ff0100
fc0000fd
0302fd02
02010204
02fc0202
02fefd03
0302fd03
fe03ff01
0003fc00
fffcfd00
fdfe0300
fffc0403
01fc0304
01ff0102
fdfffc04
00030103
ff020402
0001fefc
ff0104ff
02030401
01fc0301
00fefcfc
00fefd03
fefffcff
fefc0300
03fc0400
04020401
0304fc02
ff0104fd
fffd0100
03030003
02fcfc03
010204fd
02020204
00fefd04
fefd0303
fdfd04ff
00040103
00fc01fe
000103fe
fffe0201
fc03fe04
03fcfd01
00fc02fe
ff02fc01
fc010204
03fd01fc
fe0002fe
00fd00ff
fc03fd02
02ff01ff
fcfdfc02
fffcfdfe
fffcfc03
0002fd00
0404fe03
01010403
fc0100fe
fe03fe00
04fe0400
fcfd0003
0004ff00
fefffd00
020200fd
03ff01fd
ff04fe02
ff03fefe
0403fffe
000004fc
00ff0202
ff020002
03010201
fdfe01fe
fffc00fe
00000403
00040104
ff03ff04
ff040004
02fefefd
01030003
fffffd00
02030304
03fdff00
02fc0204
fefe01fd
02fdfe01
0203feff
fd04fc02
ff000403
03fcfffc
01030103
fcfdff03
01fe0404
040302fc
fc020400
ff02fffc
04fefdff
01030101
0301ff04
00fdfc01
fc0301fe
000202ff
fefc0400
fefe0402
fcfefe01
020102fc
04ff0004
03fcfe02
020102ff
fd040101
00fd02fd
01fcfc02
fc03fe04
03fe03fd
fffe01fc
02fd04fc
fd020104
fcfc02fc
02fd01ff
00000401
01fcfefd
01fc0201
fdfc0403
02fd0404
00ff04ff
fc020100
ff04fd02
04fdfc02
03040001
fd00fe02
fc00fcfe
02fd0304
fffd0101
02fcfc04
fdff04fc
0300fffe
fc0304fd
fdff02ff
fc030302
01fdfdfd
02ff0202
00fc04ff
04fc0104
0200fffc
fffc0102
01fefd02
ffff02fd
fe040302
fcfefcfe
fcfc0100
03fdfffd
0302fe04
fe00fdfe
fd04fdfe
fefd00ff
fc0200fe
ff01ff03
fc010403
030301fc
fc02ff03
02020301
00040004
fe03fcff
00ff04ff
0201fc03
fe04fffc
0403ff04
04fd0100
fc040203
04fdfe03
fdfcfffc
0204ff01
020401fe
00040102
02fefc01
ff0100ff
04fe0204
ff02fcfd
01020201
02fdfdfc
ff04fe01
fcfffe01
020403fd
fffc03fe
fc040000
fc0404ff
fd0300fd
03fefffe
04040000
01fd00ff
01000104
0404fcfc
ff03feff
020104fd
0402fe00
fd02fc03
02fffe01
0003ff00
0302fc00
fc0200fc
fcfd0203
ff0202fe
02fcfc01
01fffdff
0001fc00
04fcfc04
fcfefffc
ff0400fc
040100fd
fdfcfd04
000404fc
00fe0104
0402fdff
04fc0003
04fe03ff
fffcfd04
fffefefd
fdfd0303
00fffcfe
02040100
fdfd00fd
0100fdff
01fefe02
fcfd0403
01ff02ff
02fdfefc
040103ff
02ff0400
020303fe
0403fcfe
030002fe
0101fefe
04fe00fe
00020303
fe0303fc
fd04fcfe
0403fffd
fd0302fe
030202ff
ff0202fe
01020303
ff030101
02fe0404
04fffefc
00fcff03
fd000304
0300ff01
fcff01ff
fd0204fc
fdfffe04
fe0003fc
fefdff01
fcfe0303
00fffcfd
04ff00fc
03040302
030004fd
fe010103
fcfc00fd
01040303
fe0302ff
fd00ffff
fc040403
fd020301
02040300
fcfcfe04
ff01fefd
fdfcfd03
02fc0404
fdfd0104
0003fcfc
fd03fffc
fe0201fd
02fc0201
fd02fffd
01fe02fd
ff030203
00fd01fd
fcfc0201
02040300
fd010300
00fd0203
fffffd03
fdfd02fd
ff0403fc
fefdfffd
01ff02ff
00ff04ff
fffc0404
01ff0001
fd0001fc
0402fefd
00fcfe03
fe040203
0004fdfc
fc040001
fc030301
03040204
00fe04fc
0004fe03
0201fd02
fe010404
01ff0203
01fdfcfd
0400fefc
040203ff
00fefc00
fd040100
02fd0101
0103fdfe
000000ff
03fefcff
020101fe
fd00fffc
feff04ff
fc01fd03
0304fd01
fd04fdfc
fc02ffff
fffc00ff
02000101
03fdfffe
0400feff
0304fdfe
fffd01fd
fdfcfffc
010203ff
fe030301
fe030303
fefffefd
fdfc0300
020301ff
fdfcfffe
0401fdfc
03fc0202
040000ff
fe0201ff
fe02fcfd
01020102
04fe0103
0004fffe
fefdfdfd
0204fdff
04fe0200
0200fdff
02fc00ff
01fefe00
04fd0101
04ff03fd
020300fc
02fd0401
0404ff02
010104fc
030100fe
00fefe03
03030302
000100ff
03fdfefe
ff0404ff
fe00fe00
00fefcfd
02010004
03020004
fcfcfffc
0102fdff
fd02fcfe
fcff03fd
03fffdfd
03010003
0302fcfe
00040302
01fefc02
fe0302fd
02fffe02
fc000101
fd04fd01
fefefcfe
fe02ff01
04000102
fe0201ff
fe04fcfc
fd00fffe
fdffff04
0103ff04
fe0403ff
040204fd
0300fcff
fffd0400
000001ff
01ff01fe
0301fcff
0202fefe
01fc01fe
03fefcfe
fefd0004
fffcff04
0401fc04
fcffffff
00030302
04fc03fd
fdfcfd02
fd000001
040402fc
02fd01fe
04030004
010404fd
01fe04fc
00010303
0001fe01
020201fd
03fc04fc
02fcfdfe
02000104
fdfdff03
ff0103fe
fe03ff01
02ffff04
0202fc03
03fe00fe
fc03ff03
03fe0204
fffdfffc
00020003
fd000301
00fc0100
fd00fcfc
03fefcfd
03fe0401
fe02fd00
fe0100fe
ff040301
feff0304
03feff01
01fefdfe
030203fe
000203fd
0000fdff
0201fefd
04fcff01
0403fd00
0203fe00
020403ff
fdfffe01
040302fc
fcfcfcfd
fdff0301
0304ff04
04fdfdfe
fd020301
040404fc
fffefc00
fefc0200
02fc02fc
03fcfefc
fc030001
0400ff03
fefcfe00
fdfcfffd
fffffdff
fdfe03fe
03ff00fc
04000303
0304ff02
03010200
fdfdfe01
02fcfcfc
0003ff04
fcfefefd
fcfffffe
03fc0401
03fc03fd
fc0100fc
0004fefd
0001fdfd
ff04fcfe
0402fc00
02fc0004
fcfe03fd
04000403
02020100
04040301
fe04fe03
ff040103
0302fcfe
0303fefc
000200fc
fd030004
fefdff03
0201ff01
03010003
04fcfcfc
fcff00fc
040003ff
03fffc00
01000004
030103ff
01000304
000403fe
00fcff03
00fc0100
00fffd03
040402ff
03ff0003
0303fffe
fc01fc04
fc04fcfd
fdfc0104
02fc0203
fe03fe01
fefe04fe
ff030003
fffdfefc
fd00fdfc
0004fefc
01fefdfe
fe0403fd
fd0404fd
030401fc
fe020001
fc040404
fdfcfefd
01fc0004
fc040001
fd03fdff
02030303
01fc0102
0204fe03
fc00fdfc
fe00fe03
fdfdff01
010300fe
0304fefd
ff0003fc
04fefd01
fd0300fe
000302fd
fffc0302
030102fd
fffcff02
02fe0401
fffe00ff
02fcff02
01feff00
0002fd03
ffff0404
01020100
ff0003ff
fd03ff00
0303fc01
04fd01ff
fdfefc03
0400fcfe
03fffd04
00fdfc04
fd00fdfe
fe02fdfd
fdfd0100
010400fc
03fdfc00
fcfc04fd
04fd0403
fc04fdfc
ff030103
00040003
fe010300
fe04ff02
020101fc
0301fd02
01fdfe00
fd0104ff
040003fc
020202fd
fe030102
04fffdff
0003fc03
01fefffe
030002fe
02fc0204
02fefe01
fdfc0103
04fdfe03
040401fe
00fcfe01
02ff01fd
fd0203fd
0103fdfc
fcfdfe01
02030200
03030304
fe000104
01ff04fc
fe040400
fdfd04fc
fffefefc
fc01ff01
02fe0400
ff020101
00fd0400
ff03fffd
0100fe01
03fd04fd
0002fefd
ffff0403
040301fe
ff030401
030001ff
fefe0202
01000003
fe01fffe
04fd01ff
030302ff
00fcfdff
01020104
fd01ff04
0402fcfc
fc0002ff
01fdfdff
03fe0001
02020100
fdfd0000
fffd0201
03fd00ff
0004feff
00000002
04fc02fd
00ff0304
040300fd
ff020000
04fd0300
fcfd01fd
010003fe
03feff04
03fdff04
01fe00fe
fffdfefe
ff0401fc
02ff0003
fdfefefe
02fcfefe
0203ff03
03000200
fd040001
fefffc03
fcfc0101
fc01fe03
01010102
04ff0403
fc0200ff
fcfe01fd
0204fd02
02fd00fe
0302fcfd
fcff01fd
fefdff04
ffffff02
fdfd0302
fd0004fe
030300fe
fc0103fc
000000ff
fffe0001
02fdff02
03fc04ff
fe04ff04
03fe0200
03fe0102
feff04fd
02fe0103
ff0203fd
ffff0301
0103fcfd
02000401
ff000104
0300fe04
020001fc
fffcfc02
fefd00fd
01ffff03
04fc04fe
fe000102
03fe0402
fd0104fe
03ff0004
02ff03fd
0203fc02
03fe0201
fefdff02
0302fd00
01020300
04fd03fe
0101fdfc
fcfd0404
02040104
fd01ff00
04fd0402
fe0200fe
fc040101
00040001
02030001
0004ff01
01fefd02
fcfc0104
02feff00
ff00fc01
0101fc02
ff01fc03
0401fcfe
03fc04fc
0102fffe
00fc04fe
01fcfdff
fd020404
020001fe
fcfc0101
0103ff03
0001fc00
fdff02fd
ff0000ff
04030102
fd010102
02030204
04fcff04
0402fdfe
ff0401fc
01010000
020100ff
fe04fd01
03fefd01
01fcfd00
fc02fe03
fe000102
ff010004
04fcff00
0400fc04
040202fc
fd0302fc
01fd0300
03fe0100
00fffd00
0204fefc
01fd0200
fc03fffc
fe04fe00
00fcfd02
0000fc03
0202fefe
010204fd
fc010300
00ff0000
01fd0402
fcfdfc03
01020300
04fc0202
fefefcfe
020303ff
fffcfc02
fd000204
fd020201
030301fd
020101fc
fc0201fd
0204ff02
01020301
01ff0201
01fffffd
fd0004fd
0101fcff
02fe0200
ff04fdfc
fcfe0401
fc0402fe
040102fd
ff02fdfe
fd030102
04fcfd01
020304ff
fd000001
000102fd
fc000101
03ff0202
fc0301ff
02fefe03
0401feff
00010201
02010303
02fcfffe
04fcfefc
03fdfd02
02fc0201
030203fd
feff0103
fe0303ff
03040200
fefcfc01
00040402
ff000100
fd01fe03
fcfdff00
fc00fdfd
ff00fe00
fffefdff
fc01fcfd
04000202
03030001
fe030104
fdfcfffc
fefd00fe
03030400
fefc0002
04fcfd00
fc000104
fe01fffc
fe040300
0304fe01
0204fcff
fefffe04
00fc03fd
000102ff
fcfdfc01
02010304
fd04fefd
0404fd01
fd03fffe
fc020301
fffcfeff
0103ffff
ff04fe04
020302fe
fdfc0002
00fd0203
01020203
0300fffd
04fdfdfe
fdfdfeff
fffdfc04
fd01ff02
fd000403
03fdfffe
fffffd02
01040400
04fd0202
0104fefc
ffff0300
fc030001
fdfd0300
fcfffdff
0402fe02
0200fefe
04ff0202
fd03ffff
fd0000ff
02fc01fe
fc030402
fd040404
fe0301fc
0400fcfd
fffe00fc
04000203
0400fcfd
fc030100
0004fc01
0304feff
000404ff
02fd00fe
02020101
ff03fffd
0203fd02
fdfe01ff
00010104
0404fc00
fdff0100
0200fe02
fc010302
fdfcfcfd
00040201
02000002
00fd0101
02fd0201
ff030202
fdfefc04
01000404
fffefe00
000003fc
00fcff02
01fefefc
feff0004
02fd04ff
fffcfdfd
03fe03fc
ffff0300
02fdfdff
04ff0201
fe00fcff
fefe0301
fcfefcff
04fc00fe
02040403
fdff00ff
feff0004
0400fefc
fefd0204
000001fc
04fdfdfe
03ff0404
01ff03ff
fe010102
020203fc
00fc0100
fefe03fe
fdff01fe
03000303
fdfcfdfe
01fc02ff
010001ff
0104fe04
00000200
02fd03fd
fe00fffc
03fefcfc
fc000003
02020104
03fc01ff
03fc0000
fcfe0203
fd02fe03
00feff00
fc030301
fffd0204
00fe0304
0004fcfd
040302ff
fe0203fc
01ff0101
0103fdff
fcfe0403
fffffe01
fd0400fe
0202fefd
fc00fdfe
0100fdff
03fc0403
01fefc00
04fcfc01
fe02ff01
0202fc03
fdfeff01
0400ff00
0400fe04
02020404
fe0204fd
fcfeff00
0300fffc
fc04fd01
fcfd01fd
fffcff02
fc03ffff
00ff0100
00fdfdfe
0203fc03
02fd0004
02fe00fc
fffffcfd
fd03ff04
02fdfffe
fffffdff
fc010400
0301fefd
ff02feff
03fcfdfc
fc01fefc
01fefe01
03010402
fcfdfdff
040202fc
000103ff
0201fe01
00fcfcfe
02030400
fc03ff00
fcfffffe
fefe02ff
0402fefd
0202fdfe
010301fd
030203ff
03ff0404
fe020003
ff010200
ffff0101
00fd0003
fc0102fd
040401ff
fffe03fe
01ff0400
fefdff01
0404fe00
03fd0103
00fd0402
01fc0301
fcfe0303
0402fd03
02000002
04fd0201
ffff0402
fffe00fc
03fc0101
fcfefe03
fc01fffc
04fefefe
fc03fffd
01fe0301
04fdfc02
00fffc02
fcfe01fe
ff000100
00fcfcfc
ff0101fe
fd03fc01
fc02ff04
03fd0202
04fdfffe
0202fc00
01020402
fdfd02ff
01030000
03020103
040200fe
00030003
03fefdfc
00010400
00fe03fd
ffff0004
fefe04ff
04fffdff
04ff0002
fdfc04fc
fcfffcfe
fe040001
0303fe04
fe010002
04010204
fdffff01
030203fd
03fcfcfc
feff01ff
0403fc01
02fdfe04
00fd0400
fcfcfc00
fd0402fc
fcfd03ff
000300fe
fffdfe02
0102fdff
030304fc
020302ff
fd030401
02040103
00fc0102
0404fffe
0104fefd
03fc03fd
fffe02fe
fdfdfffc
fd0401ff
03fcfefd
ff02ff04
03fd03fe
03fe0002
ff01fdfd
fdfffffd
0103ffff
0003fc00
fdfd01fe
02fefdff
0004ff03
fd0202fc
0301fcfd
fc020101
fcfe0401
fe010104
fffeffff
00fe0201
fc02fc01
fcfcfdfc
0004fdff
ff020204
04fcfffc
01fd02fd
fdff01fc
fd0100fe
03fd03fe
01010302
040400ff
0103fefc
020200fd
03ff0202
fd00fc04
fc03fe02
04fd03ff
fdfc0103
fefcfdff
fdfe0101
01fdfe03
04ff02ff
fe01fc04
02fcff01
ff000201
0000fd00
00010204
02fe0204
fcfefc04
04fdff00
01fefd01
00fefc04
000401fe
fdfffefd
fd02ffff
03fdfefd
0302fd02
fd020001
fc02fc03
02fe0201
ff040404
fe030203
fc04fd00
020101fc
fc0100fe
010400ff
fdfdfcfc
00010003
fd03fe01
ffff02fc
fc02fcfd
0404fc03
040102fe
03fffd04
fffc02fe
fc040104
03040204
fdfc00fc
04fd03ff
fe04ff00
fc000301
000102ff
04fdfcfc
030301fd
02000200
fdfd01fd
fffdfe04
02000102
feffff02
ff040401
fc02fc04
ff020202
00020003
03040402
0201ffff
fe03fe03
fd0301fc
03ff0100
03fdfdfd
02fe00fc
02030100
fdfe0101
fe02fc02
ff0204ff
04fffd04
0102fc01
03fc0204
fc000300
fefefdfd
00000300
01020403
000001fe
fd02fe02
00fdfcfd
03fe0100
03ff03fe
fcff0103
fffdfc03
030201fc
0102fdff
ff03fdfc
fcfd04ff
02fffcfe
ff04fe02
fe010403
fcfd03ff
02fc0401
00fd0301
fe0203fe
ffff00fc
01fc0000
00ffff03
00fdff00
fe0303fc
fd00fefd
feff04fc
fc0303ff
fd0002fe
fdfdfefd
0102ff04
01040403
02020203
fe00fdfd
fe010204
040403fe
fefcfeff
fe00fdfe
fdfe0403
02fe0101
02030302
03fdfe01
0001fffe
fe0201fc
fd000104
0100fe00
fc03fffd
03fdfd04
fdfe0202
fffdfe02
ff02fefc
fcfe00fc
fc040101
02fd01fc
0000ff02
fdfe04ff
fd020104
03fefcfd
03030404
03fe0304
fffe0000
03fc04fc
fcffff00
0400fefd
020400fc
fefefcff
01fdfcfd
0401fcfe
010103fe
04030003
fd00fffd
00fffcfc
02fd0402
0203fcfd
04fefdfe
02ff0002
ff040404
00ff0304
0403fe03
00fc03fc
04fd0302
fc020000
04fefdfe
04fd0401
0101fc03
0403fe02
ff0300ff
ffffff00
fc0304ff
00fdfd02
ff00fefd
03ff0301
02030202
00fc02fd
fe0100ff
03fcfffe
ff02fe03
fdffff01
0000ff01
fc00fe00
0402fffc
ff01ff01
04fcfefd
030402fe
02040104
01fe00fc
fffdfc00
fd040004
00020000
ff020202
fffe04fd
fcff0002
0104ff04
ffff00ff
0103fc01
ff000202
fc0301fc
fc0000ff
fc020403
fc01fc01
fdfe0104
fffd0304
00fe01fd
00010403
020402ff
fe03fd01
04000402
fefdff01
010400fc
fcfd02ff
02fefcfc
fc020102
fc0104ff
01fefd04
ff00ff02
020102fe
fefefc03
020002fc
02010304
fcff0300
03feff01
fc02fefe
ff01ff04
fefc00fc
03000000
03010202
fd040202
010403ff
0201fe00
fd00fefc
fdfffd01
0401fffd
03fcfc01
040000ff
0404fe03
0400fc00
fe0400fe
02040400
00fd03fe
01fe0101
fefefefe
04fdfc04
01030404
fcfefd02
fdfc02fc
04fdff03
00fdfc00
02fdfeff
01fd00ff
0301ff04
01fe0204
00010404
fefeff01
fd03fe04
fffe0400
030103ff
00fffd00
020403fd
04ff0104
02fdfefd
fc000400
00fffd02
fc0201ff
01010000
fefefeff
fe020000
feff0003
03040204
0100ff02
fcff0303
fe03fffe
020100fc
02fd02fd
03feff01
03ff02ff
fc02fdfc
fdfcfc01
fd04ff01
0302fc02
ff00fc00
040302fc
02fcfe02
fc020004
fe04fd04
02ff04ff
fd0102ff
04ff0404
fdfe01fe
03030401
fd0001ff
020102ff
03fd0103
01fffd02
0203fc00
03fcfc01
02ff0303
00ff0403
00fffefd
fdff0103
fe01fcfd
fcfc01fd
02fefd04
0204ffff
04fc02ff
fe03fc00
04fe01fd
fc020202
fcff01fc
0200ffff
0303fd04
fd030301
04fe02fc
01fc0302
0204fefc
000003ff
01000301
0200fd01
01fe0002
0201fcfd
fc02feff
fefd0203
fd020204
02fc03fc
fc020003
fe01fdfe
02040403
03ff02ff
01fcfdfe
0301fdfd
fd04fcff
0303fe01
fefeffff
fdff03fc
fdfefc02
fe02fffc
030203fd
fd030202
01fd0104
fe000100
030302fd
0104fefd
0001ff03
0202fcff
02fdfd00
0304fc02
ff00fe03
fd01fe01
0201fefe
02ff0104
01fd0004
0304ff00
00030303
ff02fdfe
0203fe02
0301fc03
03000201
fe030403
03fc0303
00fc0100
01010200
00fc02fe
fc020002
fd040203
0200feff
fc0200fc
01fd0004
02ff0304
00fefdff
fd0403fe
fc02ff02
03010100
00fcfffe
04fcff01
04fffc02
00fd0003
02fe01fc
03020300
0203fffd
fd0103fd
fd0301fc
fc0402ff
ff0302fd
fd0103fd
0200fc04
030003fc
fffdfd03
030202fc
01030402
00fcfffe
fdfe0102
fdfffd01
030103fe
01fc0300
03fefffe
03fc00fd
03fcff00
fffe02fc
03fcfe04
04fffc01
02030303
fefe0003
00fe0402
fcfe03ff
fefcfefe
0401fd04
02020301
fd000104
0002fdfe
fdfcfd04
ff0403fc
fdfcfdfe
fefc04fd
fefd01fe
fc01fc03
020404fe
0003fffc
0401fefd
010303fd
01fe0001
fcff00ff
ff03fffc
03000103
04fefe02
03fdfd04
040203fc
04fd0201
0303fd00
fc01fefd
ff00fd04
fe00fc02
01ff0102
02fc02fd
040200ff
04ffff00
04fc04fd
03fcfe03
02fcfdfe
0001fcfd
0000fdfd
040403fc
040000fc
0401fd00
03fdfefe
03fd01fc
03feff04
04030401
02020301
02fc04fd
ff00fe01
fc03fc02
fc00fe02
00fefd01
fcfffc02
ff030400
03fdfe01
fcfffe04
02020301
fffc03fd
0300fe02
fffd03fe
fd0400ff
00ff02fd
fd02fd04
04fcfeff
0102ff01
0102fe02
0202ffff
04030103
00040002
fffd0403
03030400
02fffeff
fc010201
00feff00
01030302
01040204
040002fc
fdfc0300
fcfefcfe
fefd0004
030202ff
000201fe
fefd0001
fcfe02fe
03fc0100
01fdfe04
0403ff03
ff040204
ff000102
02fefefc
fc01fdfc
fdfd0303
0203fe00
00030100
0400fefc
fcffff01
04fe0403
fe02fe03
fcfd01ff
fdfcfe03
fd03fcfd
fd020200
fcfc03fd
01fe00ff
ff040202
01ff0204
ff03fefd
02ffff00
02fdfe04
fcfefd00
0003fcfd
020301ff
00040401
ff0400fc
fdfc0304
fe0201ff
00fdffff
0003fffe
fd04fcfd
03fe00fe
03ff0201
0102fc03
0103fc02
01000302
fdfe04fc
ff040003
fd00feff
fcff0400
ff00fd04
02fdfcfe
ff03ffff
fc04ff03
fcfffe04
01fcfcff
00fefd01
fdfd0004
fd0102fe
03020200
fe01fc01
04fdff00
01010304
fc02fcfe
fe040402
ff03fefe
00010100
ff0300fc
01fffffd
04ff00fd
fe0200fe
0103fefc
fe040200
fcfdfffd
fdfefdfd
010103fd
03fcfdff
01fcfd00
fffefffc
fe040001
fe030302
fdfe0101
040404fc
02fc01fc
fcff0300
03ff01ff
fefefc00
ff04fc03
fc030000
01fc0001
ff04fdfd
fd030002
00000400
fcfcff01
fc020004
fe040400
fe0402ff
0103fc01
fd00fdfd
0402fe00
fe0103fd
ff030000
fe0002fd
ff01fd03
fe00ff03
02020102
000302ff
0101fcfe
03fdff02
02010303
ff020400
fc0300fe
0404fcff
02fcfe04
fe04ff01
00fc0003
0300ff00
02fcff03
03000002
0200feff
0201fefe
fe02fc00
040401fd
02030304
fd00fc00
03fefdff
fd010002
fe03fc01
fefcfe00
fefc0104
03000302
00fcfeff
03000402
fcfe04ff
04fd04fd
0300ff03
fc01fcff
00fe0004
fe000204
ff0204fc
fd0401fd
0101fe04
010000fc
0004fffd
00fc02ff
fd020002
0404fc02
fd01fd04
04fc0403
030002fd
03fffeff
fdfc0204
02fe03fc
fe03ff03
fd030300
04fdfffe
fc020301
02fe03fe
00030402
0204fe00
02fd0300
fc02fc04
04020304
00fdfe01
feff0404
03fe0001
030200ff
01000201
020001ff
030301fc
fc010403
03fe00fe
01fcff03
02030404
02fe03ff
040304fc
02ff0301
0102fc04
03fd0100
fd010002
02ff0204
fffffc04
01000201
fefc0304
0300fdfd
fd00fd03
01fe0003
00fefefd
03020000
fc0203fe
fffcfd03
fe01fffe
01fefcfe
fd0301fd
fffdff00
03fd04fc
fe030101
040401fd
fd03fd01
0001fc03
fcfc0202
020201fd
fdff0104
04fe0400
fe01fd00
02fd0103
030102fd
0300fd03
030300fd
feff0404
0000fcfd
03fdff03
0300fc01
00fffd03
0104fcff
00fdff04
01040302
0401fd01
00fffe03
fe01ff01
fe0002fc
fc03fc00
00fe0400
000300fd
040404ff
fd030201
00fd00ff
01fefc04
00000304
00fffe04
00040100
fffefc02
fffe04fe
ff020200
fcfcfcff
02fe02fc
0003fcfc
01020102
fcfffcfd
ff040300
0303fffc
00fdfdfd
04ff01ff
fe00fc00
0001ffff
00fdff02
0304fd02
fdfefcff
02fe0203
fc010001
fe02fefc
03000204
02010401
fd02ff00
fefcfdfd
03fdfe02
fd0204fe
02fdff00
0101fc01
01fcff01
04fdff04
00010201
03020100
fefcfcfe
03fd00ff
03ff03fd
00fe01ff
fdfe0202
01fe0202
ff0101fc
fcfefe04
0402fdff
04040203
02000101
01fc0004
02040104
fe03feff
fcfcfe02
fc030200
fd0400fd
04fdfefd
fe01fd00
00fffefd
0303fc01
01040102
fc00fd04
fe01fc03
040401fd
03fe0201
02fe0202
fd03feff
0300fc00
fe0303fd
0003fdfc
fd0301fe
fe0203ff
01ff01fe
0001fe03
ffff01fc
01040000
fcfffefe
02fd03fd
01020000
0302fe00
00fefffe
fffcfc02
fe03fc00
01010001
fe0304fe
fefdfc04
00fd04ff
00fd0004
fe02fc00
fffcfc03
fc020403
030401fd
fffe03fe
ff04fc03
02ff04fd
fe0200ff
fffc0301
04fffd02
02030404
fcfd0004
01fcfcff
000200fd
02020300
fd020004
0101fe01
020101ff
fc03fdfe
01000202
ff010101
0300feff
000303fd
fdfd0200
0304fe02
0401fcff
0400fe01
ff040400
ff01ff02
fdfe02fd
fc010202
fc03fd03
fc0000ff
00fdfc04
fefe0100
010400fd
020304ff
02010300
ff040200
010301fc
0200fe03
fcfc00ff
fd04fe03
04fffefe
fdfffe04
03fd02ff
fd03fe02
fffe00fd
fd000101
fdfc02fd
00ffff03
00040300
fe0303ff
fcfffdfd
02fc0101
0204ffff
04fe0104
000402ff
020104fc
03fdfd00
0304fcfe
00ff01ff
0000fffc
fdfffefe
0100ff01
04fd04ff
fc04ff00
01ff0103
03000302
04010002
01fd04fe
03010002
00fe0204
00fffe01
000003fc
fd0203fc
0400fffe
03fdfcfd
fcfcfefd
ff0402fd
ff030003
fc03fd02
0304ff00
0204fd00
00fdfc03
03010002
0201fdfe
ff04fe02
0202ff03
01fcff00
04fe01fe
01fc01fc
fdff0401
fdfd0003
040403ff
0001ff04
fc010301
030200fc
03010201
ffff0303
fffc0204
fcfe0101
fe0300fe
0104fc01
0404fefc
fe0202ff
fc04ff04
fe0101fd
fd000401
04fdfd00
fc01fdff
fefcffff
00fefc01
0000ff03
ff020100
fcff03fd
030401fe
fdfc0003
fdff00fd
fe02fc04
01fdfcfd
00fdfdfd
fffcfdfe
00000003
fc04fe01
fffffc04
03fefefc
fe00fdff
04ff0400
0301fcfc
fefc0302
fefd00fe
040000fc
fe0401ff
000202fc
00fe0402
fe01fe00
fcfe0204
fefd0403
00fd04fd
fd00fffc
0002fd02
fefdfeff
020202fc
04fd0104
02010000
01fcfc01
04fd00fc
0304fc01
0300fd02
010000ff
fffdff00
fc020400
02030203
0301fffe
fc010401
0302fffe
fefdff01
02fffefc
fdfe0203
000101fe
0204fefc
0101fd02
0002fd00
fe02fe03
fdfe0302
fe010401
fc000000
fdfdff04
02020300
fffdfe01
fe0104fc
04ff0404
01fdfd03
040200fd
01fc0003
fc020000
02fffc01
01fe0402
ff0404fd
020303fd
03ff02fc
04030201
0301fe02
fcff0000
02fe0100
fdfdfcfe
01fe0100
0204fefc
fefc0204
00000001
02fefe00
02fdfefc
fe020303
fdfcfc02
fefefe03
0200fffd
ff000004
0104fc02
020104fd
fffd0201
fefcfdfd
ff000402
fd0300fe
fffefe02
00fd03ff
0201fc04
fefeff02
fefe02fc
fffefc03
03fdfefe
01fe04fe
fd00ff00
fd01ff01
fc0001fe
fffe0202
01feffff
fffcfe03
02fd02fe
02fdfc03
fe0401ff
00040101
03fe01ff
03fd00fe
ff020003
02020403
01040000
01fffffd
fefd0201
0003fffc
00fdfe04
010103fd
03fcff01
fc000404
0202fefd
fe030002
ff0004fc
fe04ff03
02fdfc03
0403fcff
0001fcfc
fd02fe00
03ff0002
03fdfe02
0400fcff
fcfefe03
04010304
01fdfc02
ff01fe01
fffcffff
030204fe
04fd03fd
fd03fdfc
0400fdfc
ff0000fc
fdfdfe01
0400fe04
00fc0003
02fe0403
01fe0303
ffffff00
02fc03fc
fc04fe04
03ffff01
fcfdfcfe
0204fffc
01fefffe
fefdfd00
00fc0200
02000001
fd0202ff
fe030100
04fcfefd
00fc0303
00030300
fdff0100
000102fd
03fd0300
02fc0304
0002fc03
ff0200ff
01fe0000
00fd02fc
01010404
000001fd
03040402
fdfdfe01
02ff0101
fe04ff01
04fcfe00
04fe03fe
ff040002
fdfd0103
ff000404
040204fe
0402fffc
0000fe03
00fffe04
01fdfdfc
fd0104fc
03fffc04
0104fc04
fd00fdff
fefc0304
fe0104fd
000300fd
fd03fcfc
ff00fefe
010002fc
030004ff
01030102
fd020002
040102fe
0200fefd
03030202
fc01ff00
040403fe
02000000
fffcfe01
020103fd
fffd0302
ffff02fd
fefffdfc
01fd04ff
ff01fd04
0202fcfd
ff01ff02
020404ff
030302fc
000104fc
02fffcfd
03fdfd03
03fdfefe
0004fe01
0401fcfe
fefd03fd
fdff0200
00020404
fe000401
04fdfcfc
0301ff03
fcfe00ff
02fc0400
fdfdff02
02fc04fd
02030401
ff02fd02
ff0402ff
04fd0004
ff00ff03
0200fd03
fcfcff01
04020402
00fd0002
fc01fefe
02ff0401
fe00fc00
fffe01fd
0400fdfc
fefc03fd
fdfc0303
04fe03ff
0203fffd
fe000400
040002fe
fc030400
fd02fcfe
0404fdfe
fc0400fc
fe03fd03
fffdfefc
fefd00fc
00fffc00
fc040402
fcfd0301
02040104
fefc0102
fd00fe04
01fefcff
0302fe03
03fc0301
0203fcfc
fe010302
fdfffe04
02fe03ff
010104fe
fffe03fc
ffff0001
03030101
0101fe03
fdfc0201
fe040204
fdfc0302
fe02ffff
01feffff
fffefdfd
fe030301
fc0201fc
03fdfc04
fc030003
fe04ff00
fffe0004
00030204
020402ff
00fefc00
00ffff01
0104ff01
ff0100ff
03ffff02
030401fc
fdfdfcfc
02020204
00030104
fffefefe
fdfd04fd
0300fcff
00fd0104
fe030102
03020003
fd02fcff
fc010300
fcfcffff
00010001
fe01fe00
00ff0200
01ff00fd
ff01ff04
fd03fcfc
01030400
0300fcfc
fc0104ff
0304fd02
0400ff04
0402ff02
0203fefc
0300fefd
fdfc0403
0302fd02
0204ff00
03fffdfe
01040001
fe00fe04
fefcfe04
fc020403
04fdfefd
fffd01ff
000402fe
04fffc02
04000200
ff02fdfd
fc0003ff
ff010203
fefc01fd
fdfc0200
04fefc03
fd03fefd
ff040004
ff0003ff
fcfd0000
01ff0403
01fc0101
0200fc04
fcfcfffc
030004fe
fcfdfcfd
000400ff
010001fe
040100ff
020200fd
00fd0102
fcfc0003
02fe02fd
fffd00ff
0101fdff
fdfd00fe
fe0000fe
0402fc01
04040400
030204fc
03ffff00
0302fc01
02010404
fe0202fc
03030303
04fffffc
00ff0104
0400fc02
fd00fffe
fcfffffc
000300fe
0002fcfe
fe040204
fcffff02
04fdfd03
ff01fd01
000301fc
01030202
fe030204
fe030200
0201feff
02fc0104
04fe04ff
0400feff
00ff02fc
030300fd
02fcfc03
03fc01ff
0301fdfd
fe00fd01
01fe00ff
04030402
fffdfffe
0402fe02
01fefe04
fdff0103
0204fcfd
fd0202ff
fd0000fc
0200ff02
02fd02ff
0000fe00
010303ff
02020200
01fefefd
00fd0402
02000002
fdfdfcfc
ff0102fd
fffc03fd
0204fffe
fdfe0401
fc040202
fc0101fd
fd040101
fdfffeff
fcfd0304
010400ff
fcfcff02
01fdfeff
00030301
000002fe
00fd0400
01fcff03
fdfe0001
0003fd03
fdfdfcfc
ff00ff01
03000102
fefcfd00
0102ff00
0102fd02
0203fe02
00fcfdfd
00020304
fe0201fe
010100ff
02fd03fd
fd0200fc
01020402
04fefc00
fe040402
0403fc03
020104ff
0004ff00
03fdfffe
03fcfdfc
0002fc01
fefdfeff
02fffdfe
01ff0000
fefd0102
fffe01fd
fe000102
ff040201
0400fffc
fc0301ff
04000004
fd01fe04
ff03feff
04fe02fd
fc040102
01020300
fc04ff03
fcfe0200
0204fcfc
04fffefc
ff0303ff
000003fc
fc040003
04fc0304
fffd0104
ff00fe01
0203fffc
010300fc
01fd02fe
000204fd
00fd00fd
00020403
fc0202fe
fd02fcff
ff03fdff
030301fc
04fe0004
00ff0200
fe0202ff
fc0004fd
fe040401
01020303
fdfd04fc
00040000
fc04feff
fcfe00ff
fcfe0002
00030002
0400fffc
04000404
fc04ff01
04000200
00ff00fc
03ff03ff
fcfd03fd
030002fe
03fffd03
03ff0001
fd00fcfc
03fdfefe
fe0402fd
03040002
04ff0201
04030003
02fe03fc
fcfd0101
ff0104ff
0402ff02
fe01feff
fcff04fd
0401fdff
04fc0101
fefffcfe
fefc0401
03fe0003
fd00fc04
fc02ff00
010302fe
00fcfe04
010002fe
02fd0000
01000400
0000fd03
02fffefe
fdfcfeff
01030203
fe030403
00fcfcfe
03000402
fe010201
0102ffff
03020201
fffdff04
ff0200fe
fcfeff01
fefd03fd
fefd0101
04fe0302
fdfc02fe
03fcfe04
0102fc01
00ff0000
03fffc00
fd0400fe
fcfe0301
03fcfd00
fdfdfcfe
fdff00ff
fefd0404
0000ff00
fffc0003
04fc04fd
fc020101
02fdffff
ff00fffe
fd0001ff
010304fd
0302fd03
fdfd0302
040002fc
feff0203
02fcfdff
02fdfe04
00fc0002
fdfd02fc
03fdfc03
fc03fefd
fdff00fc
feff0400
ff02fffc
00ff00ff
020103fd
fc03fefe
fffcfd02
fe0003ff
ff020403
02010403
fffe0101
fc030302
fd030102
fc010304
02fc02fd
04040203
ff030403
ff03fc02
03ff04fd
fe01fe01
fc00feff
fd020404
ffffff03
fdfe0300
fe030303
fc000004
fefefe01
fcfffefc
0103fdfe
fe03fd02
fc0204fc
02fdffff
fe0201fc
fefcfd01
01ff0003
02fdffff
01020303
01010200
010401fd
fc03fc03
0403fc02
040204fd
030200ff
fffeff00
03fefcfc
03fd0302
fd02ff04
fdfffeff
fdfffffd
fdfd04fc
02fdfcfe
0303fdff
fffe0102
fffe0103
fe030304
fffd02fd
fffd04fe
00fcfdfe
fe00fe01
00ff0404
fd04fd02
ff0002fe
02fc0003
fdfd0404
fcfcfd03
feff0101
03fdfcfc
fdfcfcfe
ff0302fc
030103fd
010104fd
00ffff00
fcfcfc04
00ff0000
fffd0401
fcfefe03
fefcfc02
fffffc02
fdfeffff
fe04ff02
04040402
03fc0103
04fe02fd
fc00fdfd
0403fdfe
00ff03fc
fc01fcff
fe03fdfe
020403ff
0204fc02
03fc0102
01fdfc04
fcff0304
0100fc02
01fffcfd
0002fc01
fcfcff02
04040301
fefcfefe
03fd0200
feff0404
020303fc
fc000100
ff04fc04
fcfdff02
01fdfdfe
02fc0201
0101ff03
0100fc02
000003ff
03fe01ff
feff0000
01010001
fe040103
00ff0202
03fdfd03
fd03fd00
fcfdfffd
010403fc
feff0103
fdfc0404
fffd0400
fdfefe01
0200ff04
0300fffe
00fe0102
0401ff02
04ff0001
04fdfe03
00fcfc01
00fefcfe
040100ff
0202fffd
01ff0300
fc03fefe
00fe0403
03ff0201
040200fd
ff03fe03
0003ff03
ff030000
03fd0304
010401fd
fefe04ff
fe0103fd
ff0301ff
fc01fcff
fe03fcff
04fd02fc
fe00fdfe
ffff02fc
feff0303
02ffffff
fdff04fe
0004fe00
0103fd04
02fe04ff
fe03ff02
00fe00fe
fe03fcfe
fdfdffff
01fffefc
01020102
fe030302
000302fe
ff03ff02
00fe00fe
04fd0404
0004fc00
00030204
fdfc02ff
fe01ff02
0400fcff
03fcfcfe
ff010304
02fdfeff
030400fc
02fefffc
020102fd
fe01fe02
00fcfefe
ff0404fc
fe01fd04
ff04fe04
fdfd0204
010004fc
fffe0000
02010101
04fefd02
fdfd0103
03ff0201
fe03fc03
ff000001
02fcfc03
fd0104fe
fefdfc00
fd02fcfe
03010002
fdfc0403
02020401
030000fe
02fcff02
fc02ff02
01020200
01fc0304
01ffff01
00fefcfe
fd010401
fcfd0102
fcff0302
ffff0004
0404fefd
00020002
02fc0000
02fc04ff
fcfefe00
0302ff01
fdfe02fc
000301fc
01030000
04fc0200
01fdfe00
fc0402fd
00020004
fc01fdfe
010401fe
02fcfe02
02fd01ff
fc0404fc
030303fd
01fffffe
fffc0103
02020202
0301fc02
020201fc
040200fd
fcfefffe
01fcfcfd
04020303
fe0102fe
fefd0301
fe0400fe
02040203
02010203
fffe0404
fefc0400
03fdfeff
ff02ff04
0100fe02
fffffeff
ff0101fd
01fcff02
fcfefd03
fd0402ff
fdfcfdfe
030302fd
ff000401
04ff02fd
01fc00fc
fefdfcfe
fd02fefd
02020102
feff00fc
ffff0404
fd030101
030000fc
fe01fe04
00fefcfe
fefc04fc
ff02fdfe
fdfdfc00
fd030404
ff040202
03020100
01020102
0202feff
0200feff
020403ff
fd0100fc
02fdfdfd
04fe03fc
fdfe0004
fe030201
fcfffe00
04fefe02
ff0203fd
00fefcfd
03fefeff
04fcfd01
fdfe0300
000402ff
00010101
fe03fdff
00fefeff
03fc03ff
feff01fe
0201fefc
ff00fd00
01030304
03fefffc
02030401
fd0403fd
0203ff03
fcfcff04
01020403
00fe0100
00fe02fd
fdfdfc00
fd0004fe
fd00fefd
03fc00ff
0101feff
0204fefe
03fefc04
00fc04ff
fc030000
01fe0201
01fefefd
0000fefe
01fc02fc
fdfefcfd
ff02ff01
01fe0404
ff030404
fcfe01fe
030303fc
ff0404fe
0301fcfc
02fd01fe
fdfefc02
02feff03
01fe00ff
ff040100
0403fd04
02fc0001
ff0102fd
0101fc01
00030401
010102fe
04fe0402
040402fe
01ff0303
00fd0401
ff02feff
04010101
00040003
fe020103
fefd0200
0403fffe
ff010404
010401fe
02030001
04fc03fd
fcfefcfc
fc0003fd
02000201
fdfc0101
fefdff01
fd0003ff
fffe0400
03ffff00
010302fd
fd0000fd
fffe0103
fe02fffc
fe03fe01
00fe01fd
0402fd02
fcfffc03
fc020104
0202ff03
02fd0304
0402ffff
fefd00ff
fefc01fc
ff04fd00
fd01fc01
03020200
ff0203ff
0304fffc
04030401
fcff0302
00fe0303
04ff0102
fffffdfe
02fd03fd
fcfe0303
fffc0102
04fdfc04
0101fffd
0404fefd
0201ff03
0101fdff
02040002
0001fd01
ff030201
03000103
fcfdfffd
fd0104ff
fcfcfefe
fdfe0300
fc030002
00fdfdfc
fffcfc00
03ff01ff
0100fcff
0403fffe
02000202
fffe01fe
02fe0101
fefcff03
0301fc00
04fc01fc
fffd02fc
030401ff
fdfdfe01
04fcfcfd
04fffe01
03020200
ff0203ff
fdfefe04
02030402
fe020100
fcfdfe00
fd020203
fffe04fd
fe04fe04
fcfd04fc
00fd0204
04ff04ff
03ff01fd
fefcff00
040202fe
fd02fffe
0204fcff
fdfefcfe
01030401
00fffd00
fcfe03ff
040200fc
fc00fdfe
fcfefd01
fe0403fe
03fe0402
fdfffe01
00fe01fc
03030004
04fd0201
01000003
ff02fe02
04030003
02fe00fc
fefc0401
fd01ff00
fd01fd00
fffdff01
fd030104
030200fc
02fc0203
fcfeff00
03ff0202
000203fe
03fe00ff
020304fc
ff00fd03
01040200
ff040202
fffe0202
020104ff
fc03fdfe
fefc02fd
02fefe00
ff0300fc
0003fe04
fd010200
02ff0102
0302feff
03fcfc02
fffc0104
0001fffd
04fe01fd
feff0000
0003fcfc
02ffff01
fefefefc
0104fe02
04030101
010001fe
fcfe0004
0302fcff
fcfffeff
03fdfcfc
ff03fcfd
fffd0402
04fdfd00
00040304
01fffd00
ffff0002
03000403
fe000003
01fc0301
fefdfefd
030103fc
fe0301fd
00ff04ff
fefd0304
ff00fe03
0303ffff
0303fcfe
03010001
01030302
fffefc03
ffff0001
010400fc
fcfc01fe
fffcfdfe
04fffd03
0102fcfd
03fc0101
0004fcff
fe0401fc
02fd01ff
02fdfd03
ffff04ff
0001fffd
ff02ff00
0401fffc
fdfd0101
01fe02fc
03ff03fc
020003ff
01fe0002
00fc01ff
020302fe
04fe01fc
fe040104
fdfe03ff
fcff0002
03fc0002
02030401
0203fdff
03fc0400
020003ff
0004ff04
0302ff01
02fc02fd
fdfd0204
00010002
fd040101
fcfffe02
00fe0404
fcff01ff
ff0203fe
030304fd
02fc04fc
fefe0003
010204fd
03ff02ff
00fefc02
0000fefd
020204ff
00fdfffd
000401fd
fe04fffc
fd04fefd
01fd03fd
03030101
ff010001
03ff04fe
fc04fe00
0401fd01
ff04fe01
fd040003
fe03fe04
fefd02fc
fcff0002
0204fcfe
ff000302
fd01fc01
0204fd04
0304ff01
00010100
fe000101
02040403
01fe03fd
02020203
0404fefd
fffffffe
01030103
040300ff
ff03fe00
fdfd0001
ff00fc02
fe02fffe
fffd00fc
010404fe
fc0400ff
ffff0200
0304fd00
ff030403
00fdfcfd
fdfe02fc
01ff00ff
fdfdfc00
030101ff
fe020304
03040104
fc0200fe
0403fe01
03fdfefd
00020003
02fe0102
040201ff
030201ff
00010001
fefc04fe
01fd03fc
01fefc03
0404fcfd
fffc0400
00fd0101
04fefffd
ff0201fc
0102ffff
0101fc01
fe04fdfc
0101fffe
04010304
ff0103ff
fc02ff02
02fe0000
fe01fcff
00fffffe
01fd0101
fd01fe00
01fc0404
0301ff01
fffefe04
fdff00ff
03fe0404
0101fefe
0200fc04
fdfe03ff
040203fd
0301ff02
0304fefe
fd030403
0400fffc
000300ff
01030101
03040104
fd030402
ff000104
04fe0301
fcfc03fd
02ff0202
02fdff02
fd040301
00010303
00fcfe03
ffff0101
fc01fefc
fefdff03
00040102
fefe04ff
02fe01fc
02fefdfd
01fffffc
030300fe
fc01fefc
fcfffdfe
fe0002fe
fdff02fe
040104fc
ff0002ff
0400fe01
ff02fd01
fd0001ff
fd000304
fefcffff
fe02fd02
02000404
fdfcfefc
0001fd03
fc010204
fffe01fc
fd000101
010201fe
0000fffc
fd01ff03
01ff0103
fcff04fd
01fffc02
03010302
fc01fdfd
0400fe03
fe02fc00
fdfcfc03
00010400
fefdfe00
fe040004
00fc0304
fe0202fd
03040204
020403ff
0401fffc
ff030200
fe0003fd
fdff0300
fd00fefe
ff00fd02
03010102
fc000404
03fc0002
fd02fcff
0401fe01
fe01fd00
fd0200fd
fcfdfffd
fd00fffe
ffff0203
fc04fe01
04040200
00000100
fd03fcfe
fe040300
fc04ff01
01ff0402
fffd0303
01000301
02030104
0404ff00
fefcfefc
fc030303
fdfefeff
00030304
fdff0300
00fd02ff
02ffff00
01000000
fe0104fd
fc0002ff
fcfcfc03
0003fd01
0100fcff
ff040302
02040104
04020104
0400fe04
0003ff02
fcfd0302
04040201
0403fd04
fc0000fe
fcfe0100
04020203
ff04fffe
01fd01fe
fd0300fd
0401fc02
040004fc
ff04fc02
fffd00fe
00fcfcfc
fcffff03
fd01fffe
fffd0200
fc00fc00
0403fdfc
0201fdff
fe010203
01ff0402
00fffe01
03fdff01
040401ff
00020000
01030100
020101fe
fdfc0202
fd040300
fffd0003
00fc0001
fc00fd04
fefd04ff
fd00fcfe
fcfdfe02
fcfdfd04
010001fd
04ff0300
010201fd
01fffefe
04000301
0202fdff
030303fe
04fe0104
ff03fffd
01fffc04
ff0400fe
fd030004
fe03fefc
fd03fcfc
fc04fc04
fffd01fe
02fe02fd
00ff0001
03feff04
fdfdff01
02fd00ff
fdfdfdfd
0402feff
fdff0403
fc000003
fdfffd02
01fe01fc
fe03fcff
0302fc00
fd02fdfc
fc02ff02
ff030104
00fefd03
04fefe02
ff02ff04
00feff01
01fcfc00
03fefdfe
fefc02fd
02fcff02
030204ff
03fefd02
0402fd03
0003ff03
02fc01ff
fffe0203
01ffff02
00fefffd
00030303
0202fcfd
fc0104fd
fefefcff
02ff0200
fcfc0200
0201fcfc
02fcfdfc
ff04fefd
000204fc
0101fe02
03ff0003
030301fc
fd02ff01
04fe00fc
0000fd00
ff04fc00
03fcff04
03fe0300
00010102
000002fe
fffffc00
010403fc
fefe0104
fcff0303
03fd0401
02fe0101
02fcfd01
fcfefefd
03020002
fcfefe02
010200fe
04fe0404
fd03ff01
0003fc00
020001fd
fe03fcfe
0401fe01
02fe04fc
fefffc04
01fffdfd
020004fe
0101fd03
000301fe
00000100
00fc0403
01fe02fe
010401fd
fe01fdfc
fe0202fe
ff02ff01
fffc0100
ffff0302
ff010001
03fffcfd
fefc00fd
03fe0201
01fc02fc
fc03fffd
fcff0403
fe00feff
0401fcfd
0402feff
fd00fefc
010301fc
02fe03fe
fe02fcfc
fd04fe00
ff01fcfd
03fd00fe
fc000404
0200fefd
ff040403
0001fffc
fdfc02fc
fd030002
02fe00fe
0204fefd
04040201
040400fe
0201feff
ff0103fc
02fd04ff
ff00fe01
04030304
fefe0301
02fdfd02
fc03fdfd
02010003
fefefefd
fd0102fd
fe03fd02
fc000303
fdfefd01
010000fe
0003fffd
04000400
03fd00fc
03fffefc
0202ffff
03fc0403
fc01fdfe
0203fdff
0102fd04
0401fe02
0204ff01
02fe0400
ff020002
fe040400
fefeff04
fcfdfdfc
fdfc04ff
fefd0201
fc030203
01ffff01
03fc01fe
fc000404
fefdfc03
040101fd
fc00fc04
fefd0200
ff02ff03
fd03fc00
fdfd0400
fffcff04
fd0404fc
00020204
02000003
040004fe
fffdfefc
020000fd
04feff01
fc01ff04
fcfd0100
02ff0002
01fdfe02
fffe03fe
ff000202
fffffc04
fe01ffff
00fcff01
0200fcff
04fcfe02
fefd02fd
00ffff04
fefe0204
fefd02ff
0204fffe
fefc00fc
0404fd03
02fc0302
ff01ff00
00fe0000
fe00fcfd
fefcfdfc
fefffd03
04fc0303
fefcfe00
040301fc
fcfe0002
fe040101
fefe0303
fd020404
fc03fd02
0000fffe
ff030000
fc01fffd
04040303
fc02fc02
040402fc
fcfd0101
03fcfefd
03fcfdff
fefcff04
fc03fe00
fffc03ff
ff000100
03020003
040100fd
000401fd
fd04ff04
02ff00fe
03fcfc02
04fdffff
ff0300ff
ff0300fc
fc04fc00
fffcfefd
0003fdff
00fe04ff
03ff0300
000103ff
03fd02fd
02fdff02
03000302
fc04fe03
fffc04fe
ff000404
03fdfd02
03fefe01
00030103
0200ffff
fffd04fc
fcfe0201
ff010404
040403fc
0304fdff
0001fcff
00fdfe01
00fefd02
01ff03ff
fd04ff04
020100fe
02ffff02
02fcfc04
01fe0303
01fd0203
0001fe00
03020002
fefcfe03
02ff03fe
03fd01fd
ff000101
01fdfffc
fc02fcfe
00010301
fdfcfcfc
fdfd04fd
04ff0300
02010002
ff00fefd
fc030203
fd04fc03
04020001
04fc0301
02020204
02fe0304
04000101
03020000
00fffffd
fe040303
02ff0203
0300feff
fffe02fe
0300fd03
fcfd00ff
fe010300
fffdfdfe
03fefd03
0104fffd
fffe04ff
fc0104fc
0200fc02
fe03fffc
040002fe
04fffcfd
fc000303
fc03fd03
fe040103
040100ff
feff04fc
fc030004
feff0304
fcff04fe
ff0401ff
ffff0201
030402fc
02fefe03
0001fcff
00010201
04030300
02010001
0404fd02
00fe02ff
03ff04ff
01fc0202
0203fffe
02ff04fd
fcfdff00
00020104
01040102
fdfd03fc
fdfe0203
fc0004fc
fffd00fe
03ff0304
ff000104
03ff02fe
feff0302
0302ff00
fdfd03fc
00fcfd00
fffefffe
0402fd00
fffdfe02
0304fc01
0200fe04
0102fd03
03fd03fc
ffff03fd
000304ff
0003fffc
04fc01fc
fdfefcff
0401ff02
fd01fffe
02030402
fe02ff03
fc0400fc
01020003
01fefc02
0202ff04
0404fcfd
01fffcfd
040004fe
fe01ff02
fdfefd01
ff0002fd
01fdfc02
fe01fc04
fd0304fc
fefdff03
0403fe01
ff0203fc
02020204
ff0002fc
030201fd
fefe0103
00fdfffd
04fefcff
03fd00fe
0002fe03
03010003
fdfeff03
fc02fefe
01ff00fd
ff030101
0104fd01
fdfdffff
fe01fd04
0101feff
040403fe
fcfd04fd
fdfffc01
fe040002
02fe0304
fdfd01fe
fe0204ff
fd0403fd
ff020200
fefd0104
fe0203fc
00020104
fe0004fc
01fdff01
04fe0404
fc03fefc
fd000301
01fc00fe
fdfefe04
03fcfd01
00030104
0200fdff
01ff03ff
03fefffc
fffdfcfd
fd04fdfc
010301fd
0103fdfd
0004ffff
fc0002fc
fd03fefc
030204fe
02fdfefc
01ff04fe
fcfcfe04
fcfd03fd
03010402
0002fcfd
fffcfdfd
fd00fffc
03fdfcfe
01fcff03
03fefefe
02000001
01040302
00fdfe00
01fc03fe
fe010200
fc000404
020101ff
fe020101
fd0104fd
ff040201
01fe0402
fdfc0400
ff010303
fdfeff03
01fdfdfc
0402fcfe
fefefeff
fdfdff02
01fefeff
03040202
01020101
fffffd00
0104fc01
0003fdfe
0201feff
02ff03fe
fdff00fe
ff00ff00
fe0301fe
010301fe
fe03fffc
0400fdfc
fe04ffff
fcfcff02
01040204
0403fe04
fd02fefe
fe0303fe
04fd00ff
fffc0000
fdfdff04
02fe0403
fe02fd04
fcfc04ff
02040401
0204fd01
fefefeff
fc030201
fe00ff02
0004ffff
fffe0300
fe01fdfc
fffdff03
fdfe0400
fefffdff
fffefdfc
fefefd01
0003fffc
feff00fd
02fd0200
01ff0403
fdfd00fd
fd0102ff
ff03fcfe
fefcff01
03fdfd03
fdfcfffd
fe03fefe
0400fdfd
0003fcff
03fd0002
0000fffe
0001fcfd
fe04fd01
00feff00
ff04fefe
fc0004fe
fffd0202
0004fd01
fe01fdfd
0002fd00
03fd00fc
feff0003
000400ff
040403fc
010101ff
fcfffd01
fffe0200
02fe01fd
03fcfffe
02ff0004
00fe03fd
0403fe00
fc020302
fc03fe00
00fc00fe
0202fc03
00fe03ff
01fe0304
020300fd
fc0001fe
ff0203fc
0101fc00
0400fe01
00fe00fd
fffd0302
03fcffff
fefeff01
040200fd
020400fe
02ff0203
04fffd04
03ff04fc
0301ff03
04030403
fefdfefc
03ff0400
0202fc02
00fc00fd
0304ffff
fdff0001
01fd04fc
fe0402ff
ff010301
fffcfcfc
04fd0104
000002fd
ff000002
fe0203fe
01fe02fd
fffdfc01
fd03fc02
04fffefc
fefd0302
02fd04fe
fcffff01
010102fe
00feff04
0003fcff
01020002
00020200
fe040404
fc000302
0402ff02
fefdfeff
030002fd
ff00fefe
0100fe04
fefd0103
fe030200
04fefc01
00ff01fd
02fd02fd
fd040201
01020004
040304fc
01ff0301
fffd0000
ff0002fc
fffffd04
fcfefcfe
fcfffefc
fc000104
01ff03fe
fdfdfe04
ff02fefe
020104fd
01fc0404
fc01fdfc
000202fd
010403fc
04fcfe02
0401fcff
03fc0004
fc0203ff
01fe0401
0100fefc
03040004
00fdff02
01fefe03
03ff0102
fdfe00ff
03fc0200
fcfe0204
ff03fc03
fffc0202
fd0000fd
0302fe02
0401fe03
0002fffc
0101fdfc
fdfcffff
ff020300
fd03fe01
0104fefd
030104ff
04040201
00fc0102
03fe0204
ff04fffe
020202fc
03fd0203
0002ff03
00fffd02
00fd0404
02010404
02030004
fefefdff
ff03fffd
fd030201
00fc0104
0103fffc
fc040103
02fd01fd
020204fc
0203fefc
fffc0203
fc00fe04
010101fc
fdff03fd
fefd0200
04030202
010304fd
0102ff04
fdfc04ff
0300fcff
fd04fc04
fffd04fd
ff02fc02
010403fc
fc020204
040101fe
fc0104fd
03010402
fdfe0401
fdfd0203
fd02ff03
fe03fe02
01030300
02fc03fd
00fcfdfe
0004fe02
000300fc
03fd0404
01ff04fe
01000100
0204ffff
02fc00fe
fdfcfe03
04010001
020103fc
fefd0002
fd01fcff
fefe0202
0300fefd
0304ffff
00fd0300
fcfffcfe
fdfe01fe
020404fe
fc01fefe
00fd03fd
fc04fefe
03fe0400
feff0401
04fcff02
fcff04fe
02fffe00
ff01fdfe
04fc04ff
0104fe01
0303ff02
fc0400fc
fdfefc04
fe01fe01
fdfd0403
04fe00fd
fcfffcff
0102fcfc
000304fe
fd020003
01fdfd00
ff02fffc
fefdfefc
fcfdfffd
01010303
fdfe0400
04fc0102
0200ff01
040301fe
00000001
04fd0201
fd0302fd
04ff0100
01ff0101
fd02ff03
020300fd
fcfdff02
00fe02fc
feff04fe
ff0101fe
00fcfffc
fe03fe00
04fc02ff
01040200
00fe0002
ff030401
0002fd03
fc00ff03
00fd00fd
0204fc04
fe01fe04
ffff0303
0201fc02
03fd0303
020002ff
040402fc
fd01fcfc
0402fc03
03fe01fd
fc00feff
03fd0100
02fefc03
01fc01fc
fcfc0103
03010001
fc040001
0003fd03
03040404
04ff0303
fcfefcfe
01010000
01000002
02ff03fd
fefffdfd
02ff0200
02fefcfe
02fffcfe
00fc00fd
fffefffe
fefd0402
04fdfefe
0004fd02
00fe0100
03fffe01
fd0102fc
0001fffd
04fffefe
fdff03ff
0304ff03
00fc0102
04000100
fdfd0401
fe000102
fcfd00fc
fffd0301
0004fffd
020204fc
0200ff01
04010100
0301fe03
fdff0203
0400fdfd
04fd0302
0202fd03
fe030204
01030003
ff01fefe
0102fefc
fdfe01fc
00fefd01
02ffff01
fe03fcfd
01fd01fd
00010202
0302fcfd
01ff0200
fc02fffc
fefffffc
fd020402
fdff04fd
fd010201
fe02fc00
0401fcfe
ff02fd04
04fcfefd
fefc0400
01fc02fe
030103ff
04fefcfe
ff04fffe
020002fc
02fdfffc
03fefe02
fdfc0303
fe02fe02
fffe0304
fd0203fc
0202fcfc
fcfcfe03
03fffc00
fdff0304
fc030104
fc010201
01000003
03040301
fdfd0404
0402fd04
04010101
02ffff02
fffdff02
020001fc
0000fd01
00fcfeff
04fefefc
04010402
01fefffc
ff01fd00
fd0004fc
fc0201fd
fe040202
fefdff01
ff020303
020102fd
fc00fffe
fd000004
03fcfc04
0404fc02
fe01fc02
fdfffd02
01fd0204
0400fc02
02ff0203
ffff0103
fd010102
fefd0102
fcff0301
fe03fd02
fe0001ff
04fefd02
03fcfffd
02040000
0202fcfe
fefdfe01
fd0004ff
fdfdfefc
04fdff03
fdfffe03
03ff0204
fefe00fc
01ff0202
00fd03ff
00000002
fd020202
040201fc
01fd04fc
fdfcfdfe
03ff04fd
ff01ff03
020201fc
01fc02fd
03fcfd04
0401fffe
feff0202
fffcff04
04020001
0000fd02
02fd0204
04ff04ff
fefe03fe
fc0101fc
fd03fc03
fffcff01
fffefcfc
0401fc00
feff02fe
fcfffdff
fcfdfc01
fefefc02
0201fc02
0101feff
01fffe02
ff0104ff
0002fdff
01fdfefd
04fe04ff
fc030303
03030404
04feff01
00fcfc03
0401fefe
01fffd02
01fefe00
fdfdfd03
fc0302fc
fc01fd03
fd020000
fe0300fc
03ff0101
0004fdff
fc010303
fc040304
01010300
fefe01fd
fdfcff04
03fffc01
fd030103
fdfd00fd
fcfffd00
fc02fe01
02fdfd01
01fefc04
0400ff01
0301fe03
040101fe
fdfe01ff
01fe03ff
010302ff
02ff03ff
fcfc01ff
000201fe
fefcfffc
04fcfe03
020202fe
000400fc
ff03fd00
ff03fdff
0104fffc
fd020104
00fffcfe
ff0001fc
01fcffff
fd01fd04
00fe0004
fd02fdfd
fcff0103
fd0302ff
ff0203fd
fe000002
ff020000
fd04fffe
04020101
02020101
020402fd
0200fcfd
010204fd
03020200
fefc0200
04ffff04
010300fc
03030101
fefefe00
fefdfcfe
010201fd
03040303
010001fd
0201feff
04fd0103
fefefdfc
03fc0000
fd03fdfe
fc02feff
04030103
03020201
02fc0404
03fc04fd
01ff0200
00fe02fc
0400fdfc
ff04fd04
02fffc03
04fffdfe
01ff01ff
fefefe02
000004fe
04fc02ff
0300fdfc
fdfefe02
fc01fefc
00fffd01
04fffefe
01fdfd00
02fc03fc
fd01fcff
fd010403
0202fcfe
020400fc
0300fffd
fffcfdfd
fe0001fc
02fd0104
02fefc00
00ff0100
04fdfe04
0303fd02
04fd0104
02fc01ff
00010203
0301fd01
01020101
03fefd02
fd01ff04
ff020100
fe0400fe
fc010304
04020100
fcfe0104
00fe0200
03fffffc
0301fdfc
03000004
02030203
0401fd01
0403fcfd
03010204
fcfe0204
00fffcff
030100fe
fffffe01
04010100
02ff0202
0102ff00
02fefe04
0403fc03
00fdfe00
04fc04fc
04fffefe
00fffd02
fffe0000
fe000004
fc0403fc
ff00fd01
0300fdfd
040102fe
0301fd00
00ff0003
fe03fcfd
fe030100
01feff00
fe040000
04fdfdfd
fdfdfe00
fe020203
020404fd
03fe04fe
00010003
00fd03ff
fdfd0103
0204ffff
fefc0301
ff03fd03
02000004
03020303
01030300
03010304
04fc00fc
0102ff04
fc030203
fcfdfe00
0004fdff
01040000
fcfdfe04
03fefefd
01fe02ff
fd0404fd
0300fdff
fdfeff02
000000fc
fe02fc02
ff03fdfe
02000403
02fefe02
03000002
00ff0302
ff0401fd
ff03fcfc
03010403
fc0101fe
03fffc03
00010100
ff0103ff
fffeffff
fc020001
ffff01fe
fffffe01
fefc0400
fd030100
03fd0400
030100ff
fc020201
00000100
040104fe
feff02fd
0303ffff
020303ff
fc040100
fffcfdfe
fe020004
fc02fe00
04ff0203
fe00fd02
04000000
fcfffefc
ffff00ff
00040103
03fe02fc
0104fc02
020303ff
fdfffe03
fc0002fe
01fffdff
03fc04fc
00fcfcfc
fdfdff04
fe03fe00
ff00fd02
01000302
01fc0404
010300fc
0402fe03
fdfe02ff
01fdff04
fd02fd01
04fe0002
02fc02fd
0200ff00
fefc0402
fffdfffd
0104ff04
fd04fd01
04030303
00fc0001
fdfc0101
fcfe02fc
ff0000fd
04ff0303
00ff01fe
ff00fc03
fd000104
fcfcfefd
fd04fd03
000203fd
ff0300fc
0004fc03
fdfcfe00
04fd0400
030103fd
0000fd01
00030003
fd030100
0201ff00
030000fc
0001fefe
0104fd00
04fffd01
0404fdfd
ff03fd00
ff04fd03
fffe0003
0302fc00
fd0401ff
03ff0302
fdfc03fc
fffc0203
ff000200
02010004
030302fe
01fe01fe
02fffcfe
fc01fd01
0403fd03
fcfefeff
fc040403
fc01fc03
ff040304
fcfc0200
030001fc
000100fc
04010402
0000fdfd
fd0001fc
ff000000
fc0004fd
0000fdfe
04ff0000
00000301
03fefeff
fd04fd01
030001fc
fdfe0001
fcfcfe00
fd010301
0200fe03
0400fcff
04fdfe01
fc0201fc
fffe0101
00fcfeff
0004fc04
020300fe
fc030203
00fc02fe
02020200
ff040103
fcff00ff
fdfdfc04
0002ffff
030003ff
ff00fefd
0303fcfc
fd01fdff
fc0302fe
00020303
fdffff04
0401fc00
00fdfd02
00fefdfc
ffffff00
fd00fdfd
ff040103
fefc04fe
fc02fd02
00fc0404
00fd0000
fe0401fc
fc0300fe
fd0103fe
00020203
030303ff
fd04fefe
00fcfe02
0203fdfe
fd04fc01
0003fc01
fcfffd01
02fc00ff
fffcfffe
0000fffd
0403ff01
fd010101
fcfefcfd
04fe0202
030202fc
01fc0404
00fdfdfe
02fdff04
ff03fe04
fefc04fc
020101ff
fcfc00fe
fffd00ff
fd01fffe
ff01fe04
feff04fe
fd00fffe
03ff0204
03ff0203
00fefcfe
01fefcff
03000203
fffd04ff
fcfdff03
fc010000
02fefd02
01000103
000101fe
02fc00fe
04ff0401
0303fe04
fcff0300
0100fcfd
fe00feff
0402fffd
ff010202
fcff0402
04fe01fc
fc010003
fdff0303
fe020003
fefcfdfe
04010303
030301fe
fefcfc01
03030403
0400fffc
030302fc
03ff0101
fe01fe04
030000fe
02fd03fc
04fc0201
03fcfc03
0403fc02
fffcfd04
04fe0200
040402fd
01020403
fcff02fc
04fd02fe
fc02fefc
0400fcfe
0004fdfe
030203ff
01fefd04
fefcfcfd
000100ff
01fffcff
fd010104
0000fe04
fe03fd00
0200feff
0004fc02
0204fc02
fffe0203
04fe0303
fcfc00fc
fe04fdff
ff0104fc
00010300
fcfefdfd
00010404
01fe0200
020404ff
01040101
00000401
01fffdff
04fffdff
02ff0301
00ff02fc
02fe04fd
fc00fd02
00000200
03fcfdfc
020402ff
fefefd01
010400ff
0001fe03
fffefdfe
00000304
fc000004
0103fe00
03fcfd01
0104ff03
010202fd
fd03fdff
fe00fc03
00fdff04
000104ff
0000ff00
04fefe02
0304fefe
04020100
03fd0303
000400ff
01010203
fe03fc03
fefefc01
fdffff01
01000103
fffe01ff
fdfdfe01
030102fc
ff010403
fefd01fc
ff0004fd
fefefe03
0002ff02
0103fefd
03fdfd04
fc010404
02010201
ffff0002
fe00fefc
01fd03fe
01ffff03
02fdfd00
01fdfe02
02ff0404
fc000202
03ffff02
fdfd0100
04030401
01fdfcfc
fdfdfc03
fdfe0202
020004fd
fefefdfe
fdfdfc03
01ff01fd
02fd03fe
fffd03fc
fc0201fe
01040402
000300fd
03000401
fdfefefd
ffff00ff
ff0301fd
fcfffdff
fc000204
00fd0203
0403fe02
fcff03fd
fffefcff
01fefdff
ff030200
fc000300
03fefd01
fdfe00fe
fe00fcfe
ff02fdfe
03040301
0302fc04
fc00feff
fcfc04ff
04fefe00
00020303
01fefe00
00000104
0200fc02
fffefdfd
03fe01fc
fcfe0302
fc000303
030202fc
fd0102ff
04fd0300
01030202
02fe0203
0101ff00
04020302
ff000400
fe03fffd
0300ff01
0001fe03
fdff0403
fd0101fc
ff04fd04
040300fe
02fffe03
fdfffefd
fc00fdff
0100fffd
fdfffe03
fdfc0302
fcfcfffd
fefe0201
fe000304
fc000104
01000002
fdfefffe
ff020100
04030400
02030200
fffe03fd
03fefdfd
03000403
020400fd
fffcfe01
fcfcff00
ff000403
04fefefe
ff040400
fc0302fe
0200fdfe
0203fffc
fc000101
fc000103
04030100
ff00fc03
ffff0300
03010203
fc03fdfc
0101fdfd
0301fe02
fcfdfe00
fc020402
fffe0300
fcfc0004
03fefd01
0403fc03
fd02fcff
040104fd
03ff0001
fc04fe02
01fc0102
fffe0101
fc03ff03
00ff02ff
02fc03fe
03040004
010201fe
fd010104
fc020203
03fffdfd
01040104
fffc03fe
0204fc04
00000100
fefc0001
ff02feff
fe020401
00fd0004
03020401
fdfe00ff
04020300
01040103
fe020204
0300fd03
00040004
0000fdfc
0002fd04
fe04fdfd
01fe0104
02fe0200
fc030303
0303fcfd
ffff0203
01010304
fd01fd02
0403fcfd
fc030001
030201fc
010000fd
feff0101
01fdfc03
02010200
04fe0103
fd01fefd
01010000
fffefe04
000301fd
03fc0000
00010200
fe040004
04feffff
fd0102fc
fcff0200
04fc0303
fdfeff02
03fefc01
fdfefc01
fefd01fc
02020102
030203fe
fffd0402
0002ff00
000400fe
ff0403ff
010400fc
fc000001
fc020201
00fe04fc
020300fe
fd010004
0200fffd
fdfcff02
fefe0202
00fd0300
01fe02fd
000201fd
fcfc02fe
0200ff01
020102fc
03fffcfc
fc040001
02fffd01
000302fd
0203ff01
01020101
fdfd03fe
01fcff04
02fe01fe
00fdfe02
02feffff
01fffffd
fc03fcfd
fc01fffc
0300ff02
fffefdfe
0404fcfc
0404ffff
ff02fc04
0304fffd
03fe04fc
fffefd02
00020100
fefe03ff
040003ff
ff0003ff
fd03fcff
fdfd0203
fe02ff01
fd030301
04fc04ff
04fe0400
fefefefe
02010301
04fe02fc
fd00fdfc
040304ff
00030104
02fdfd01
04020304
fc03fcfd
fffc02ff
0201fd02
0302fcfc
fefcfdfc
fe010204
ff01fefe
0100fcfe
ff000104
0300fcff
fe00fe02
0401fe02
fe04fd01
ff01fc00
01fe0004
000302fd
fc0100fe
fcfc0303
fffdfefd
02fdfe00
01020402
fc01fc04
ff01fffd
00030400
fffdfc04
fefd0302
03fd03fe
03fffffe
0002fcff
fdfe03fc
02040403
00030404
00fd0300
02030402
01030402
fd00fdff
0103fe00
fc040101
03fffdfc
04fd0001
fe03fe04
0304feff
040302fd
01ff01fd
00fc0001
00ff0000
fe00fffd
fdfc0402
00ffff00
04fe0204
fcff0203
fcfd0001
03030101
fcff0000
02fd0301
fc03fd02
01fd01ff
030200ff
ff0403fc
04fffdff
010301fd
01fd0103
00fc0403
fc00fe04
fcfcfe04
00fe00ff
ff0302fe
fdfd0003
020404ff
fc02fc00
0303fdff
00fefefe
00ff0300
02030204
0003fd01
fe010002
fd000401
03fc03fc
fe0302fe
fe02fcff
fd0401fe
fcfcfeff
0403fffd
01fffd01
fefefdff
fd020101
03020103
ff030204
fd020201
030400fe
fcfdfe01
00000304
000400fd
03fd0001
0203fc03
00fd0301
0403ff02
02fd00fd
ff030403
04040301
04fdfeff
0300fe00
0400feff
ff0303ff
fd0001fe
fcfe0100
01fd01fe
fe00fd03
fd03fdfc
fd02fe00
01fc0103
fffefcfd
0102fcfd
fdfd0103
fc0101fe
04fe0202
fc02ff03
04fc0104
fc04ff04
fefd01fc
01000201
fc0100fc
0300fefe
fe040303
04010102
00ff0403
fefffe03
fe04fd01
fc02fe03
fefefcfd
02000301
00fcfd03
01ffff01
fffcff02
02fe02fd
fd01fefc
02ff01fd
fefffefd
02fefefe
03030300
03030003
fe0102fc
020301ff
fc0102fd
01fe0402
fdfefc00
03fffefd
fdfeffff
ff030001
0201fe02
02030402
ff03fe00
04fdfcfe
01ffff02
fefffd01
fffefefe
fe01fdfc
04040203
fcffff01
fdfc00fd
0000fffc
01fe00fe
01fd0204
040004fd
00ff0101
fcfd01fc
ff000204
03fefefe
fc040202
ff0301fd
0102fd04
03030100
000003fc
01fe00fd
00fc0001
0400ff03
00fc01ff
01ffff01
fe0204fe
ff0404fd
0300fefd
fe010403
fffe03fe
fefc0402
fe00fdfd
fe00fcfd
04fcfcff
fffcfd01
0203fe02
fefdfd04
04fd04fe
feff00ff
fcfc04ff
0300fd03
01fefc01
000303ff
0004fffd
00fefe01
03fd0002
020203fd
fe0101fc
feff02fe
0401fcfd
fcfffcff
fefe0200
0001ff01
00fcfc00
00fefffc
00020003
fffefd04
0000fd02
fd030004
fcfeff04
fe030300
0103fe01
fc01fc03
fcfefd04
fc04fdfd
00ff0300
03fcfd02
fcff03fc
010003fe
fffffffd
01000102
01ff01ff
fffdfefd
03fd0402
04fcfefc
0204fe04
01020302
fcfcfcff
fe04fd04
fd0301fd
ff00fdfe
04ff01fe
ff020202
03fe02fc
00fffc04
030404ff
fe04fd02
0401feff
01030102
fffffcfd
04030201
01fe0303
fffc0003
fd030101
fd00fc02
ffff04fe
fffffd01
fd010402
ff000100
fd02fcfc
fffc01fc
ffffff04
fffd02ff
0404fdfd
040400fe
0000fcfd
04010000
fd010101
fd0002ff
fc0402fc
fc01fffc
040103fd
fdfffd01
00000401
04fefcfc
fefcff02
fcff0204
0103ff01
0201ff04
ff040401
fe030103
00fe0403
fefd0103
00ff00fe
00fffc03
03fffe03
00fefc00
03ff00fe
04ff0404
ff01fefc
fefcfd01
01020301
ff040001
00fefcfc
fd01fc04
00010101
ff01fc00
fefc0002
000402fc
fc02fc03
fffd0001
0000fefc
02fe03fc
0302fd04
fc0204fd
fcfc0203
fefd0402
03fdfefc
0403fd01
fe0400fc
04fdfc02
02fcfcfe
02010400
00ff00ff
01fefe02
000000fc
03fd00ff
fc040100
02ff00ff
0402fd00
02fc01fc
03000103
04000403
03fdfcfd
02fe0402
04000103
ff020000
fe030304
03fd00fc
03fdfe00
fefe0404
0100fdfc
03fdff02
ff02fdfe
0203fffd
ff01fefd
fd0002ff
fdfc04fe
03fdfcfc
01fdfdfc
ff04fdff
020301ff
04fc0201
01000204
ff000204
ff04fc04
0102fdfc
0102fc00
ff010000
0000fcfc
fefdff00
03fdfdfe
03fd0100
02020000
fe0201fd
00fe0403
00fffd00
00fd04fd
ff0003ff
01010304
0100ff04
0302fe00
fd010400
fc040002
00fe02fe
0404fe00
feff01fe
fdfefc04
fffc01fe
fd0104fe
fe03fc03
03fefdfc
fc00fe01
feff00fc
04fe0004
03fd0001
fe0200ff
0400fefe
fc030200
00ff03ff
fffc0403
fffe0102
00fc0201
000402fe
04fdfdff
03030300
0101fdfd
fc04ff01
fe00fcfd
03fffe00
030000fc
fe010400
0302ffff
02030203
fc04ff00
fc03fcfe
00fc03fd
0103ff02
04fe0100
fcfd00fd
0103fffc
03ff0300
000301ff
fe020200
0202fc02
fefd0201
02fefe02
00fe0402
fffeff00
00040103
fd0000fd
040300fe
0201ff04
01ffffff
fdfc0102
04fefefd
00fc00fc
00040100
03ff0001
03fdfdfd
0202ffff
fc03fffc
04fc0201
ff04ff04
fffcfffd
fffc0303
ff00fffe
fe00fc03
01ff04fe
01fd0101
03000103
0002fdff
fffcff01
fffe0101
fd0304fe
03020402
00fe01ff
02fc0202
01fffffc
03fe0003
ff03ff04
fc0203fe
03010401
fd0301fd
fe000100
0302fc01
0304fd00
01fd0100
ff02fe01
04fc0002
030300fe
fcff0400
0403feff
fc020201
020203fe
01fefefc
00fffcfd
04000000
03fd01fd
04fd0402
020001fc
020101fd
00010203
04fcfcfd
03000302
ff01ff00
03ffff04
fdfe0102
00fc02fd
00fe0101
04fd0203
fc03fd04
fd0202ff
fd000004
ff0301fc
fe000202
04010201
fffc0200
00fdfdfe
0104fe02
0301fc03
fdff0401
020400fe
fefdfcff
040301ff
feff02ff
fefe0404
0104fd02
02fc04fd
000101ff
ff020100
fd00fdfc
00fe04fd
ff03fd04
fdff03fd
030204fd
fc03ffff
0201fe00
fdfefeff
feff0304
0404fe01
00000100
0302fcfe
fdfdfc00
fc0002fd
04fefc00
00ff04fe
04ff03fd
fc0100ff
02fffd00
fc04fe03
0002ff02
ff0302fe
fffe04fc
04000300
0204fc02
0301fc04
ff00ff03
01fd0202
00fc0403
01fcfdff
040201fe
fc0101ff
04000100
fc00fe03
04ff0101
fe0401ff
feff0004
fffe0100
fc040300
fc03fe00
03010400
fe03fdfc
0404fe04
ff00fffd
0301fffe
0400fd00
01fc00ff
0000fefc
00fcfcfe
00ff04fc
0103fd00
ff00fefe
fe0301fe
fcfc0003
fdff01fe
00fc0402
03fe0002
fdfefefd
feff04fd
fc0304fc
fd0203fe
04ff03fd
0103fffc
fc0102fc
fd0202fd
00fe04fd
ff000101
fefd0304
fdfcfcff
fe030101
02040302
ff03fe00
fc0404fd
04000301
fd0202ff
fe0000fc
020104ff
01040303
04fc03fd
04040303
fd03fdfc
0204fefc
ff0001fe
02fc0103
0200fffe
fefe0203
02ffff03
02fe0100
fe030000
01000103
03fd0400
040403ff
0202fcff
020301ff
fc0202fe
fffffc03
fc010103
0304fefd
fe0103ff
fdfffcfc
fe0404fc
0104fd01
fc03fe00
0400fd02
fcff04ff
fc02fc04
fd02fdfd
010403fc
fc040400
fd0403fd
ff02ffff
03ff01fc
fffefd03
04fe0304
010202fd
01fe0203
03fefe04
03fe0203
fd0101fc
fe0202fc
fdffff01
0300fefd
0200fe00
01ff0303
fc02fcff
0201ff03
02030404
fe0000ff
fefd0101
fd020104
fdfc0402
0402fc00
040204fe
00fd01fc
fcfe01ff
fefe0004
0002ff00
010102fe
0304fdfc
0403fe03
fdfefd03
04030104
0101fdff
fcfd0003
0400fc00
0002fefe
ff01ff03
fd000203
fffc0402
0302fcfe
010300fe
01fcfe01
fe04fffc
fdff0303
04030400
fdfc0000
030402fc
fc010401
020004fc
04fefeff
00fe03fd
03020000
03fdfcfe
fd02fe00
0004fcff
0102ff01
02fefdff
fcfc04fc
fffffc01
fd020404
01fdfd04
01fe04ff
040301fc
fd0002fc
03fd0200
03fffffe
fe0401fc
fefefe04
fc03fc02
fc0101fd
03fcfc03
fdff00fc
01ff0201
02fefe04
01ff02ff
0103ffff
01fd02fe
04fcfe04
fffefdfe
03010003
01020404
0401ff03
0300fefd
010004fc
fe03ff01
ff03fe02
02000402
fdfdfcfc
010103fc
03010103
ffff0302
fffefcfe
03fdfd04
0404ff02
02fe0003
fd02fefc
0101fd03
02fd0304
02fdfd01
0304fd02
040200fd
fc030000
03020400
02fc04fc
00040303
fe03fd00
fcff0402
01fc0400
03fffc04
02fe02ff
fdfefefc
fdff04fe
00fcfeff
fefe0202
fc030302
0304fdfd
fc02fefe
04fd03fd
0104fc00
04030402
01fdfcfd
0404fe01
0104fe02
04fc0304
02020000
0102fe00
04030404
fc0004fd
ff01feff
ff040202
fffefe04
040203fc
02040301
fdff0300
0304ff01
fd000404
00fd0002
01fc02fc
0300fc02
04fdfd03
01010102
fcfdfcfc
ff00fffc
ff03fd02
03030302
fe010302
fcfc03fe
03ff0403
fefdfeff
ff020304
ff030003
fe040101
fd000300
03030003
00fdfcff
03fefd04
fcfe0401
fdfc0402
03feffff
00fc01ff
ff04ff01
0104fdfc
ff030302
02fd0000
fd02fffc
01fc0202
00fc0004
feff0402
020000ff
ff000204
02040004
fd00fd02
000404fe
0203ffff
ff000301
fd04fefd
fefcfd03
fdfefdfd
0100feff
01fcfe04
fffe0200
04030001
000401fc
0000fe04
fe00fffc
0100fdff
0202fefe
ff040402
fe02fc02
0400fffe
020301fd
fc0100fe
fe02fffd
04fd0303
0200ff04
fc0202fd
fd04fdfe
fc03fd01
00ffff01
0004fc03
0301ff01
fe03fffe
00fd00ff
fdfe02ff
feff0204
0402fefd
00fc0203
ff010404
fd020001
fcffff03
03fc0302
0000feff
01030003
fd040101
fd01ff00
00fdfdfc
ff03fefc
02fc0004
fe04fd00
fdfc0100
0200fefc
04fcfc04
0004fffd
02fffdfd
fffe02fe
fd000302
fdfdff01
00fd0402
fc020102
000300fc
0304fe03
00ffffff
0202fc04
0004fdfc
0200fd04
03fe0103
fffe00fe
03fcffff
0401fffc
fd04fcfd
fe010101
fc0201fe
02000003
04040404
00ff0303
0001fdfe
0001fe01
0103feff
fc04fffd
02030201
fc02fefd
fe0000fd
fe030401
fc0201fd
0403fdff
010203fe
fc01fe02
ff0204ff
fd0401fe
fc02ff01
fdfd02fd
03fdff04
fe03fefc
040001fd
0300fc01
04fe0400
fcfc0300
00ff00fe
ff0000fe
04fcff00
01fd01fe
0402fe04
fdfc0402
020204fe
020101fe
fc040301
ff03fcfd
0001fcfd
0301fd01
fd030401
fe02fcfe
fc03fdfc
03030102
04010004
02000002
000402ff
030304fc
0202fffe
fe000203
ff01fffe
fe0001fe
fefdfe00
02010204
0302fd00
000202ff
fffffefd
01030102
03fefefc
01fe0103
03fffcfe
fc0200ff
000303fe
04fe0200
fe000302
02fffefd
0003ff02
0200fc01
0303ff00
0404ff01
04ff0400
04030403
ff01fc02
00030304
01fffeff
030102fc
04000302
03ff0100
010300fd
04000104
04fffc02
fc030404
02fcff03
0402fcfe
0102fd00
01fefffe
03ff0304
0302fefc
0204ff01
fe0300fe
01ff00ff
fefefd00
04fe02ff
fd03ff01
fdfd03fd
01fdfcfe
02fc0301
0204fd03
04ff0203
040102ff
000104fd
02fffc01
0203fcff
01fd0402
02fd03fd
fd01fffe
03020300
0003fe01
fc010100
fd03fefd
fe0102fd
0200fe04
0404ff04
01ff0002
02fd0004
01fc0204
fd030204
feff04fc
fc0302ff
fcfefd03
02fcfd04
02ff0404
fd040403
fe020001
fffcff02
ff02fe03
000400fc
fd02fdff
fefffc04
0204fefd
0302fcfd
00fcfdfd
00fefffe
fefd01ff
00ff03fd
00ff0201
fdfefcfc
02fefeff
03fe04fd
ffff0400
ff0201fc
04fffffe
fd030102
01ff0004
ff00ff00
00040103
04020001
04fefcfd
030300fc
0303ff03
01fe0202
fefe04fc
fefcfe01
030403fe
00fcff01
0304fd02
fd0301ff
04000303
fc01fefd
feff01ff
0200fe04
fc030101
fd04fc02
02fc01fe
02ff0203
01fdfdfe
02fcfe00
01fc0102
fd03fdfe
feffff01
04ff0000
03fc00fd
fc040400
fd04ff00
fd040001
ff02fd02
03000204
fdfd0201
0401ff02
00020404
fd00fe02
fdfe04fe
03fcfe03
fcfc02fe
fefd04fc
04fd02fe
fd020100
0100fc04
0002fd02
04fc0304
fdfd00ff
01fd0302
0103fffd
0203fc04
0100fe04
fd0203ff
fc0202fc
fc03fd04
030201fd
01040403
0401fc02
02fdff04
0300fffe
fffc0304
00010204
00ff04fd
01fefeff
fd02fdfd
0200fd00
03fc04fe
ff02fc01
fe040403
02000004
fd04fe01
fefd0402
03fd0300
04030403
fe0100fc
fffc02ff
04fcfcff
ff04ff04
04ffff00
01ff01fe
02fc04fc
fd04fdfd
0404fd01
00000100
00fefefd
ff02fc00
03fffd01
fd000004
fc00fe02
ff0202ff
02fe03fc
ff0101fc
0001ff00
01fffe04
fd0200fc
ff00fc02
fc0401ff
030300fe
00ff0402
02020304
fe02fcff
0100fc01
01fc04fe
fc040402
ff0102fe
030404fe
fd0402fe
ff0000ff
03fc0201
fd01fefc
03000304
0303fe03
ff03fc01
0402fe01
04fc0302
ff00fc04
0100fdff
01fdffff
01ff03fe
00fdfcfc
fefcfffd
fc0200ff
fe020203
fe0301fd
04feff04
01ff01fe
0002ff03
00ff00ff
fe0004fd
fcfdfcff
02fefd00
fd0001fd
03ff00fc
02fd01fc
fdffff03
fffefe00
fd03fe04
0101fcff
03020002
fc02fc01
000301fd
fc0004fc
fdfefffd
fe0302ff
fe00ff00
ff00fc04
0001fcfc
040404fe
0203fefd
01fd0304
fefc02fc
02fcfc02
fc0200ff
fd00fdfc
03fefc00
fd00fe04
ff010404
030104ff
02ffffff
ff00fcff
ff00fcfd
fc01ff01
fefe0400
040104fe
04fcfefd
01010404
fdfc0301
fd02fefd
04010100
02ff0002
ff00ff00
03010202
fd0300fd
02fc04fe
02040403
04fe02ff
fcfefefc
fd03fffc
fdfcfc01
fdfefc00
fe010204
00010200
fcfcfefc
01040004
ff04fe02
02fdff03
04fcfc04
020200fe
0004fcfe
fe0302fe
00fdfcfc
02030101
02fcfcfc
04000200
fffc0004
03fdfc01
01ff04fc
fe040401
0401fcff
03030104
fd030303
fe03fefd
fc010302
fc01fe01
0301fcfd
0302fe02
fe030202
04fffc03
03000004
fd01fffc
01040404
020400fe
fffefc00
fd01fdfd
00040300
fc0302fd
fdfeff04
fc040201
fdfffd01
03020403
0101fcff
0102fc02
01fd03fc
0100fc02
ff030002
fcfefdfd
fd020400
fffdfd01
fc000402
feff0001
0401fd03
00fd04ff
02fc04fd
03000003
020300fc
03fcfdff
fe02fefc
01040401
02ff01fd
04040203
02020404
02fcff01
fc0003fe
010402ff
0202fd01
03fffe01
fefcff01
00fc0200
0403fcfc
fe02fefd
01030100
0304fd03
00feff03
02000204
01fd0000
00fffe04
ff000203
00020303
01fe0103
03fdff00
fdfdfdfd
fd00fdff
04fc03ff
fdfe04fc
04fc00fe
0004fcfd
ffff04fc
ff04fdfd
0300fe04
01fe04fe
02040301
fd020402
04fc03ff
03fe0404
00fe0303
00fcfd03
fe040402
02fcfd03
01fd03fc
fd0403ff
fcfffffc
04fc0402
fefffefd
03fd01fe
02fc00fd
01fffeff
fdfc03fe
ff020101
00000000
00000000
00000000
00000000
00000000
00000000
00000000
00000000
00000000
00000000
00000000
00000000
00000000
00000000
00000000
00000000
00000000
00000000
00000000
00000000
00000000
00000000
00000000
00000000
00000000
00000000
00000000
00000000
00000000
00000000
00000000
00000000
00000000
00000000
00000000
00000000
00000000
00000000
00000000
00000000
00000000
00000000
00000000
00000000
00000000
00000000
00000000
00000000
00000000
00000000
00000000
00000000
00000000
00000000
00000000
00000000
00000000
00000000
00000000
00000000
00000000
00000000
00000000
00000000
00000000
00000000
00000000
00000000
00000000
00000000
00000000
00000000
00000000
00000000
00000000
00000000
00000000
00000000
00000000
00000000
00000000
00000000
00000000
00000000
00000000
00000000
00000000
00000000
00000000
00000000
00000000
00000000
00000000
00000000
00000000
00000000
00000000
00000000
00000000
00000000
00000000
00000000
00000000
00000000
00000000
00000000
00000000
00000000
00000000
00000000
00000000
00000000
00000000
00000000
00000000
00000000
00000000
00000000
00000000
00000000
00000000
00000000
00000000
00000000
00000000
00000000
00000000
00000000
00000000
00000000
00000000
00000000
00000000
00000000
00000000
00000000
00000000
00000000
00000000
00000000
00000000
00000000
00000000
00000000
00000000
00000000
00000000
00000000
00000000
00000000
00000000
00000000
00000000
00000000
00000000
00000000
00000000
00000000
00000000
00000000
00000000
00000000
00000000
00000000
00000000
00000000
00000000
00000000
00000000
00000000
00000000
00000000
00000000
00000000
00000000
00000000
00020204
00fffd01
030004fc
fe0103fc
feff01fd
0203fc00
02fc0401
fd01fc04
03fefd01
fd0102fc
0100ff04
fc01fd00
fcfffcfd
030404fc
ff04fffc
fe03fd02
01020204
fcfcfffc
00fd0103
fdfdfffd
fc0301fd
fdfe01fe
ff00fdff
fffefffe
04fcfc03
0403fdff
fc00fc04
00fffdff
fc0102ff
fe0000fc
03010302
03fd01fd
fefe0003
02fd0300
ff000203
fe02ffff
fdfd0101
fefdfffc
03010300
fffefdfc
fd02ff03
01ff0100
01000002
0102fc00
04fefcfc
fefe0003
0300ff00
00030201
03020300
01fdff01
00000001
02fdfffc
fcfdfc03
00fdfe01
ff020404
ff020200
02020300
0403fe02
00fefcfe
03fcff00
ff0401fe
01020103
00fdfcfc
0203fcfd
03fd00ff
040102fc
01fe0204
fefe0004
fc00fe04
04fd0403
000004ff
fdfc03fd
00fdfe00
fd020202
0100fe01
ff040104
fffe04fc
0201fd00
fc03ff04
02ff0104
00000000
00000000
00000000
00000000
00000000
00000000
00000000
00000000
00000000
00000000
00000000
00000000
00000000
00000000
00000000
00000000
00000000
00000000
00000000
00000000
00000000
00000000
00000000
00000000
00000000
00000000
00000000
00000000
00000000
00000000
00000000
00000000
00000000
00000000
00000000
00000000
00000000
00000000
00000000
00000000
00000000
00000000
00000000
00000000
00000000
00000000
00000000
00000000
00000000
00000000
00000000
00000000
00000000
00000000
00000000
00000000
00000000
00000000
00000000
00000000
00000000
00000000
00000000
00000000
00000000
00000000
00000000
00000000
00000000
00000000
00000000
00000000
00000000
00000000
00000000
00000000
00000000
00000000
00000000
00000000
00000000
00000000
00000000
00000000
00000000
00000000
00000000
00000000
00000000
00000000
00000000
00000000
00000000
00000000
00000000
00000000
00000000
00000000
00000000
00000000
00000000
00000000
00000000
00000000
00000000
00000000
00000000
00000000
00000000
00000000
00000000
00000000
00000000
00000000
00000000
00000000
00000000
00000000
00000000
00000000
00000000
00000000
00000000
00000000
00000000
00000000
00000000
00000000
00000000
00000000
00000000
00000000
00000000
00000000
00000000
00000000
00000000
00000000
00000000
00000000
00000000
00000000
00000000
00000000
00000000
00000000
00000000
00000000
00000000
00000000
00000000
00000000
00000000
00000000
00000000
00000000
00000000
00000000
00000000
00000000
00000000
00000000
00000000
00000000
00000000
00000000
00000000
00000000
00000000
00000000
00000000
00000000
00000000
00000000
00000000
00000000
